time,ctv_impressions,ctv_spend,display_impressions,display_spend,google_ads_impressions,google_ads_spend,meta_impressions,meta_spend,lead_created_count,avg_lead_value,total_revenue
2024-01-01,0,0,0,0,"7,423",181.05,69253,50.18,16,1200,19200
2024-01-02,0,0,0,0,"7,159",188,61572,49.34,44,1200,52800
2024-01-03,0,0,0,0,"7,478",171.61,55800,48.63,50,1200,60000
2024-01-04,0,0,0,0,"6,526",169.27,54339,48.9,39,1200,46800
2024-01-05,0,0,0,0,"14,392",485.74,221450,215.85,34,1200,40800
2024-01-06,0,0,0,0,"21,703",567.97,324574,290.25,40,1200,48000
2024-01-07,0,0,0,0,"14,882",454,399128,329.88,44,1200,52800
2024-01-08,0,0,0,0,"17,621",553.44,364330,323.5,49,1200,58800
2024-01-09,0,0,0,0,"13,360",534.61,339315,316.61,47,1200,56400
2024-01-10,0,0,0,0,"17,727",555.57,308313,311.83,47,1200,56400
2024-01-11,0,0,0,0,"19,582",493.91,293726,313.2,31,1200,37200
2024-01-12,0,0,0,0,"16,667",536.29,295120,317.71,39,1200,46800
2024-01-13,0,0,0,0,"19,466",612.51,311600,324.99,49,1200,58800
2024-01-14,0,0,0,0,"17,564",508.35,343811,331.43,41,1200,49200
2024-01-15,0,0,0,0,"17,990",488.83,341767,324.59,40,1200,48000
2024-01-16,0,0,0,0,"16,641",500.51,325114,318.83,38,1200,45600
2024-01-17,0,0,0,0,"16,648",503.86,285612,312.69,26,1200,31200
2024-01-18,0,0,0,0,"16,464",472.85,273392,313.26,35,1200,42000
2024-01-19,0,0,0,0,"16,697",496.78,254133,315.12,30,1200,36000
2024-01-20,0,0,0,0,"17,857",587.84,266283,321.2,28,1200,33600
2024-01-21,0,0,0,0,"17,713",506.55,307502,331.85,46,1200,55200
2024-01-22,0,0,0,0,"14,818",473.66,292680,324.49,35,1200,42000
2024-01-23,0,0,0,0,"15,837",463.91,271807,318.82,47,1200,56400
2024-01-24,0,0,0,0,"21,657",529.62,260866,311.64,34,1200,40800
2024-01-25,0,0,0,0,"27,235",472.19,251288,312.5,36,1200,43200
2024-01-26,0,0,0,0,"25,662",500.64,247200,315.89,31,1200,37200
2024-01-27,0,0,0,0,"31,710",488.1,262988,322.36,39,1200,46800
2024-01-28,0,0,0,0,"25,321",469.97,300894,347.33,38,1200,45600
2024-01-29,0,0,0,0,"20,630",456.35,274674,321,41,1200,49200
2024-01-30,0,0,0,0,"22,229",463.01,261637,316.15,43,1200,51600
2024-01-31,0,0,0,0,"19,362",402.16,257642,309.74,42,1200,50400
2024-02-01,0,0,0,0,"25,270",562.15,268703,309.43,36,1200,43200
2024-02-02,0,0,0,0,"25,912",485.58,244925,305.25,40,1200,48000
2024-02-03,0,0,0,0,"31,820",561.4,267694,328,41,1200,49200
2024-02-04,0,0,0,0,"32,046",613.53,291560,331.32,33,1200,39600
2024-02-05,0,0,0,0,"18,920",396.42,278463,324.17,39,1200,46800
2024-02-06,0,0,0,0,"24,487",357.61,110307,125.76,48,1200,57600
2024-02-07,0,0,0,0,"22,368",346.99,57704,66.46,45,1200,54000
2024-02-08,0,0,0,0,"24,757",560.12,53366,66.86,43,1200,51600
2024-02-09,0,0,0,0,"29,583",532.86,52574,67.79,40,1200,48000
2024-02-10,0,0,0,0,"30,501",518.47,54499,69.64,50,1200,60000
2024-02-11,0,0,0,0,"27,218",416.53,58982,72.51,26,1200,31200
2024-02-12,0,0,0,0,"22,448",447.99,57042,71.9,42,1200,50400
2024-02-13,0,0,0,0,"21,072",413.28,55728,68.98,41,1200,49200
2024-02-14,0,0,0,0,"20,388",408.34,52580,68.81,26,1200,31200
2024-02-15,0,0,0,0,"26,943",442.69,54818,67.19,33,1200,39600
2024-02-16,0,0,0,0,"23,223",398.99,54718,68.84,41,1200,49200
2024-02-17,0,0,0,0,"25,459",395.12,57513,70.71,38,1200,45600
2024-02-18,0,0,0,0,"28,314",403.5,61076,72.33,55,1200,66000
2024-02-19,0,0,0,0,"25,935",440.5,58861,70.5,46,1200,55200
2024-02-20,0,0,0,0,"27,943",546.29,55899,69.45,56,1200,67200
2024-02-21,0,0,0,0,"26,255",502.35,52620,68.26,40,1200,48000
2024-02-22,0,0,0,0,"27,101",439.77,51821,68.21,47,1200,56400
2024-02-23,0,0,0,0,"27,431",474.58,51970,69.31,39,1200,46800
2024-02-24,0,0,0,0,"32,545",530.59,53788,71.03,57,1200,68400
2024-02-25,0,0,0,0,"30,937",484.79,57577,72.21,47,1200,56400
2024-02-26,0,0,0,0,"26,839",426.35,56520,71.46,63,1200,75600
2024-02-27,0,0,0,0,"25,289",396.4,54045,69.4,56,1200,67200
2024-02-28,0,0,0,0,"24,092",394.46,52551,68.32,51,1200,61200
2024-02-29,11167,427.75,57428,356.13,"22,762",367.82,51477,68.51,49,1200,58800
2024-03-01,10668,406.96,58639,358.47,"27,969",398.29,55080,68.83,42,1200,50400
2024-03-02,10374,402.6,57437,359.07,"33,951",572.92,56376,70.81,53,1200,63600
2024-03-03,10960,461.74,57742,359.43,"36,560",538.46,59840,72.86,48,1200,57600
2024-03-04,12845,522.49,56565,352.07,"26,474",425.73,57691,71.44,64,1200,76800
2024-03-05,13400,523.5,53994,335.05,"27,521",376.49,53271,69.64,70,1200,84000
2024-03-06,13584,516.3,56789,357.25,"28,603",419.56,54116,68.35,64,1200,76800
2024-03-07,13248,510.87,56549,357.34,"29,626",415.33,54979,68.05,63,1200,75600
2024-03-08,13075,529.62,62076,388.96,"30,661",418.05,55583,68.56,57,1200,68400
2024-03-09,12655,487.59,61311,385.72,"36,635",530.19,58163,70.12,49,1200,58800
2024-03-10,12135,468.09,64538,404.12,"35,650",485.2,63005,73.65,67,1200,80400
2024-03-11,12429,476.97,63948,398.25,"28,743",449.2,58314,71.59,76,1200,91200
2024-03-12,13550,513.12,55558,351.89,"32,499",423.37,54233,69.7,61,1200,73200
2024-03-13,12421,468.73,58087,358.08,"31,989",467.35,50477,68.46,63,1200,75600
2024-03-14,12550,469.9,57744,352.56,"33,721",492.85,47848,67.68,54,1200,64800
2024-03-15,12275,461.58,57993,354.12,"29,578",347.78,47668,68.21,71,1200,85200
2024-03-16,12488,472.63,59003,353.07,"31,919",437.31,48911,70.36,62,1200,74400
2024-03-17,12042,476.2,59143,354.2,"29,509",442.52,53670,73.23,69,1200,82800
2024-03-18,11887,458.08,57564,351.56,"27,093",434.85,52656,71.12,79,1200,94800
2024-03-19,11929,457.16,56557,350.28,"24,344",375.61,47780,69.4,84,1200,100800
2024-03-20,11825,459.94,57100,353.19,"26,763",505.17,45026,68.18,75,1200,90000
2024-03-21,12214,460.14,57480,354.41,"25,149",377.03,44515,67.97,102,1200,122400
2024-03-22,10246,373.37,56413,348.92,"25,329",397.69,46304,68.98,53,1200,63600
2024-03-23,12577,475.58,57213,353.45,"24,484",472.89,48291,70.64,92,1200,110400
2024-03-24,11701,432.99,57014,353.34,"26,703",401.77,51696,72.84,58,1200,69600
2024-03-25,13726,530,48581,304.29,"22,643",404.31,50509,70.48,98,1200,117600
2024-03-26,13996,542.38,54181,336.26,"22,173",379.26,47865,69.1,90,1200,108000
2024-03-27,12869,496.48,49958,308.94,"23,104",376.46,45936,67.99,98,1200,117600
2024-03-28,13164,519.14,52882,329.1,"22,266",389.19,44234,67.94,93,1200,111600
2024-03-29,12421,481.71,47047,294.58,"26,054",353.69,44971,69.03,68,1200,81600
2024-03-30,11259,436.99,63218,388.19,"30,899",365.31,47852,72.14,72,1200,86400
2024-03-31,7679,288.47,87615,531.26,"24,323",331.34,53512,72.81,57,1200,68400
2024-04-01,8773,339.4,45586,275.33,"27,330",463.27,59643,71,97,1200,116400
2024-04-02,7738,303.43,46066,277.85,"28,269",457.8,54952,69.16,106,1200,127200
2024-04-03,7917,309.41,46012,277.67,"26,772",381.43,49696,66.62,94,1200,112800
2024-04-04,9807,436.02,45639,276.82,"23,802",313.11,31460,42.7,81,1200,97200
2024-04-05,8427,336.72,46170,277.83,"33,648",567.1,21438,29.06,96,1200,115200
2024-04-06,8681,364.65,46032,278.1,"29,616",395.29,22857,30.81,79,1200,94800
2024-04-07,8370,342,46056,277.88,"31,376",381.96,24226,30.98,102,1200,122400
2024-04-08,7932,307.93,46007,277.29,"28,403",402.93,23429,30.11,147,1200,176400
2024-04-09,7321,274.4,45911,277.86,"29,542",563.08,22629,29.61,154,1200,184800
2024-04-10,8511,335.7,46020,277.61,"31,557",509.54,22875,29.24,135,1200,162000
2024-04-11,8195,322.75,45915,277.64,"30,816",451.35,22602,28.8,110,1200,132000
2024-04-12,8627,348.58,45767,277.73,"29,959",437.46,22366,29.39,117,1200,140400
2024-04-13,9035,347.94,46087,277.95,"30,389",398.1,24105,31.57,106,1200,127200
2024-04-14,8356,347.74,45883,277.98,"27,488",415.73,24394,30.76,102,1200,122400
2024-04-15,8668,336.57,45991,277.48,"26,803",351.3,23606,30.19,119,1200,142800
2024-04-16,8118,335.26,46748,277.67,"32,750",413.28,21560,28.64,127,1200,152400
2024-04-17,8474,334.59,46800,276.97,"28,961",397.84,21883,29.57,112,1200,134400
2024-04-18,8561,345.22,46419,277.94,"30,301",386.06,21729,29.68,106,1200,127200
2024-04-19,8572,353.09,46509,277.89,"31,220",406.79,20801,29.85,88,1200,105600
2024-04-20,8555,353.7,46161,277.77,"40,741",471.01,21943,30.96,81,1200,97200
2024-04-21,8238,342.3,46216,277.89,"33,033",418.77,23649,31.05,87,1200,104400
2024-04-22,8433,362.18,46122,277.37,"30,297",383.08,22314,30.3,108,1200,129600
2024-04-23,8365,360.32,46313,277.92,"28,633",412.85,21611,29.72,105,1200,126000
2024-04-24,8400,332.66,44547,277.45,"33,021",412.51,20970,29.23,98,1200,117600
2024-04-25,7986,329.46,43197,277.03,"32,497",332.76,21020,29.33,123,1200,147600
2024-04-26,7624,314.46,43315,276.73,"35,808",413.42,20986,29.47,78,1200,93600
2024-04-27,8132,333.52,43005,275.99,"40,586",407.18,22179,30.78,62,1200,74400
2024-04-28,7555,294.85,42916,277.91,"32,603",368.7,23282,30.88,65,1200,78000
2024-04-29,7466,306.68,42221,273.38,"30,547",361.91,23080,30.44,72,1200,86400
2024-04-30,7234,283.81,39631,255.61,"27,741",389.11,22754,29.62,73,1200,87600
2024-05-01,0,0,26017,171.91,"34,770",413.86,23645,29.02,59,1200,70800
2024-05-02,0,0,25913,172.22,"34,070",416.58,21586,29.16,97,1200,116400
2024-05-03,0,0,26000,172.17,"27,031",310.76,1563,1.99,53,1200,63600
2024-05-04,0,0,25657,172.16,"30,395",296.68,0,0,56,1200,67200
2024-05-05,0,0,25776,172.38,"22,453",301.32,0,0,49,1200,58800
2024-05-06,0,0,26015,172.16,"21,509",229.53,0,0,75,1200,90000
2024-05-07,0,0,25838,172.08,"27,834",343.63,0,0,57,1200,68400
2024-05-08,0,0,25795,171.82,"25,464",289.23,0,0,53,1200,63600
2024-05-09,0,0,25858,172.26,"26,180",303.6,0,0,42,1200,50400
2024-05-10,0,0,26227,171.63,"32,600",287.96,0,0,31,1200,37200
2024-05-11,0,0,26079,172.23,"41,314",394.87,0,0,35,1200,42000
2024-05-12,0,0,25967,172.25,"37,191",344.13,0,0,30,1200,36000
2024-05-13,0,0,25879,172.23,"30,340",321.87,0,0,42,1200,50400
2024-05-14,0,0,25784,172.12,"25,954",263.57,0,0,43,1200,51600
2024-05-15,0,0,25666,171.68,"24,036",295.37,0,0,52,1200,62400
2024-05-16,0,0,25668,172.21,"22,462",248.78,0,0,33,1200,39600
2024-05-17,0,0,25590,172.06,"22,955",248.51,0,0,37,1200,44400
2024-05-18,0,0,25659,172.21,"25,210",366.38,0,0,40,1200,48000
2024-05-19,0,0,25725,172.17,"30,008",320.1,0,0,33,1200,39600
2024-05-20,0,0,25721,172.24,"23,314",290.63,0,0,41,1200,49200
2024-05-21,0,0,25556,171.94,"26,810",289.16,0,0,24,1200,28800
2024-05-22,0,0,25402,170.47,"30,021",372.74,0,0,34,1200,40800
2024-05-23,0,0,25503,172.28,"29,084",324.9,0,0,33,1200,39600
2024-05-24,0,0,25517,171.61,"30,303",309.87,0,0,19,1200,22800
2024-05-25,0,0,25698,172.48,"37,450",382.1,0,0,25,1200,30000
2024-05-26,0,0,25563,171.28,"36,067",346.58,0,0,15,1200,18000
2024-05-27,0,0,25665,172.4,"34,893",348.22,0,0,14,1200,16800
2024-05-28,0,0,25384,172.2,"32,756",348.8,0,0,29,1200,34800
2024-05-29,0,0,25100,170.54,"27,863",318.46,0,0,22,1200,26400
2024-05-30,0,0,25523,173.16,"23,244",283,0,0,35,1200,42000
2024-05-31,0,0,25439,173.2,"31,103",264.5,0,0,26,1200,31200
2024-06-01,0,0,42762,277.52,"34,885",335.78,0,0,17,1200,20400
2024-06-02,0,0,42022,278.03,"35,168",317,0,0,23,1200,27600
2024-06-03,0,0,41908,277.51,"36,489",426.12,0,0,19,1200,22800
2024-06-04,0,0,42187,277.46,"35,789",359.98,0,0,23,1200,27600
2024-06-05,0,0,42062,277.62,"37,266",365.7,0,0,26,1200,31200
2024-06-06,0,0,41717,277.49,"36,610",350.38,0,0,24,1200,28800
2024-06-07,0,0,42007,278.06,"40,091",360.53,0,0,21,1200,25200
2024-06-08,0,0,41901,277.48,"39,314",401.98,0,0,22,1200,26400
2024-06-09,0,0,41664,278.09,"41,558",380.13,0,0,20,1200,24000
2024-06-10,0,0,42052,277.6,"30,731",328.69,0,0,35,1200,42000
2024-06-11,0,0,42189,278.02,"29,066",302.52,0,0,20,1200,24000
2024-06-12,0,0,42188,278.06,"28,696",269.59,0,0,31,1200,37200
2024-06-13,0,0,42032,277.4,"35,657",362.1,0,0,22,1200,26400
2024-06-14,0,0,41755,277.87,"33,279",411.12,0,0,16,1200,19200
2024-06-15,0,0,41576,277.25,"35,087",360.63,0,0,17,1200,20400
2024-06-16,0,0,42479,278.35,"35,089",333.67,0,0,19,1200,22800
2024-06-17,0,0,42359,276.93,"31,214",313.75,0,0,33,1200,39600
2024-06-18,0,0,42056,277.54,"31,861",364.31,0,0,27,1200,32400
2024-06-19,0,0,42259,278.12,"39,569",336.67,0,0,30,1200,36000
2024-06-20,0,0,87167,550.49,"32,286",309.84,0,0,28,1200,33600
2024-06-21,0,0,86699,551.02,"33,422",358.41,0,0,16,1200,19200
2024-06-22,0,0,85563,548.92,"38,957",371.39,0,0,22,1200,26400
2024-06-23,0,0,85583,551.59,"45,366",350.68,0,0,22,1200,26400
2024-06-24,0,0,85916,549.54,"35,955",297.07,0,0,17,1200,20400
2024-06-25,0,0,86660,553.53,"30,766",277.06,0,0,15,1200,18000
2024-06-26,0,0,86684,551.24,"31,721",368.68,0,0,25,1200,30000
2024-06-27,0,0,86084,550.98,"32,990",296.48,0,0,15,1200,18000
2024-06-28,0,0,85861,550.37,"27,932",328.34,0,0,25,1200,30000
2024-06-29,0,0,84139,543.23,"31,754",309.66,0,0,26,1200,31200
2024-06-30,0,0,85590,556.29,"29,126",299.38,0,0,15,1200,18000
2024-07-01,0,0,0,0,"36,677",345.17,0,0,29,1200,34800
2024-07-02,0,0,96568,616.01,"33,921",399.35,0,0,16,1200,19200
2024-07-03,0,0,94895,610.59,"47,735",489.29,0,0,24,1200,28800
2024-07-04,0,0,94621,611.36,"42,501",426.34,0,0,14,1200,16800
2024-07-05,0,0,94561,610.92,"38,082",560.59,0,0,24,1200,28800
2024-07-06,0,0,95124,611.44,"34,124",430.38,0,0,18,1200,21600
2024-07-07,0,0,75670,492.54,"38,386",660.68,0,0,19,1200,22800
2024-07-08,0,0,75685,491.34,"29,102",655.41,0,0,31,1200,37200
2024-07-09,0,0,75263,492.45,"28,554",564.49,0,0,27,1200,32400
2024-07-10,0,0,75451,492.47,"31,691",595.58,0,0,34,1200,40800
2024-07-11,0,0,75705,495.1,"27,099",544.61,0,0,23,1200,27600
2024-07-12,0,0,75494,491.37,"32,382",461.94,0,0,31,1200,37200
2024-07-13,0,0,75921,492.46,"41,364",628.1,0,0,32,1200,38400
2024-07-14,0,0,75528,492.05,"36,852",532.14,0,0,20,1200,24000
2024-07-15,0,0,75479,490.94,"28,723",606.63,0,0,33,1200,39600
2024-07-16,0,0,75980,491.45,"28,808",500.97,0,0,30,1200,36000
2024-07-17,0,0,75372,491.48,"29,527",591.9,0,0,31,1200,37200
2024-07-18,0,0,74979,493.07,"34,918",558.16,0,0,26,1200,31200
2024-07-19,0,0,75074,491.52,"32,823",516.87,0,0,26,1200,31200
2024-07-20,0,0,74480,492.32,"34,603",541.88,0,0,34,1200,40800
2024-07-21,0,0,75009,496.15,"32,939",543.46,0,0,42,1200,50400
2024-07-22,0,0,74220,489.68,"33,949",589.71,0,0,40,1200,48000
2024-07-23,0,0,74481,490.65,"28,300",522.32,0,0,20,1200,24000
2024-07-24,0,0,74661,490.55,"30,596",527.81,0,0,37,1200,44400
2024-07-25,0,0,74050,488.95,"30,462",542.01,0,0,25,1200,30000
2024-07-26,0,0,74423,488.58,"28,991",465.37,0,0,26,1200,31200
2024-07-27,0,0,74071,491.3,"39,823",575.21,0,0,28,1200,33600
2024-07-28,0,0,73910,490.25,"38,490",507.4,0,0,28,1200,33600
2024-07-29,0,0,73901,487.76,"33,880",538.06,0,0,40,1200,48000
2024-07-30,0,0,72689,486.65,"27,218",479.81,0,0,33,1200,39600
2024-07-31,0,0,72069,482.86,"24,550",414.89,0,0,29,1200,34800
2024-08-01,0,0,0,0,"30,572",540.37,0,0,23,1200,27600
2024-08-02,0,0,36939,246.01,"30,617",499.29,0,0,22,1200,26400
2024-08-03,0,0,36592,244.98,"31,135",668.2,0,0,18,1200,21600
2024-08-04,0,0,36770,245.91,"33,433",567.28,0,0,22,1200,26400
2024-08-05,0,0,36641,245.28,"29,226",519.38,0,0,24,1200,28800
2024-08-06,0,0,42713,282.85,"23,436",468.83,0,0,25,1200,30000
2024-08-07,0,0,38902,258.02,"20,364",566.64,0,0,27,1200,32400
2024-08-08,0,0,27088,182.48,"20,917",572.97,0,0,48,1200,57600
2024-08-09,0,0,27111,182.49,"18,839",498.79,0,0,25,1200,30000
2024-08-10,0,0,27178,183.02,"19,238",571.28,0,0,21,1200,25200
2024-08-11,0,0,26832,182.29,"21,445",603.37,0,0,32,1200,38400
2024-08-12,0,0,26962,182.97,"21,727",610.63,0,0,30,1200,36000
2024-08-13,0,0,26853,183.06,"16,558",519.65,0,0,25,1200,30000
2024-08-14,0,0,26805,182.48,"22,349",607.94,0,0,30,1200,36000
2024-08-15,0,0,26654,181.31,"19,319",491.76,0,0,17,1200,20400
2024-08-16,0,0,26555,183.18,"18,103",575.88,0,0,13,1200,15600
2024-08-17,0,0,27080,183.16,"22,651",619.08,0,0,27,1200,32400
2024-08-18,0,0,27062,183.63,"17,336",591.03,0,0,32,1200,38400
2024-08-19,0,0,26942,183.19,"15,846",533.01,0,0,32,1200,38400
2024-08-20,0,0,26873,183.26,"16,779",526.95,0,0,42,1200,50400
2024-08-21,0,0,26689,181.67,"15,897",512.21,253,8.33,35,1200,42000
2024-08-22,0,0,26847,183.23,"14,658",542.82,252,9.27,34,1200,40800
2024-08-23,0,0,26829,183.33,"12,258",517.69,267,9.89,26,1200,31200
2024-08-24,0,0,26919,183.04,"17,472",579.79,189,9.09,27,1200,32400
2024-08-25,0,0,26869,183.48,"17,174",561.14,242,11.21,30,1200,36000
2024-08-26,0,0,26811,182.88,"15,963",526.34,212,10.01,41,1200,49200
2024-08-27,0,0,26797,182.89,"15,374",540.2,257,10.6,25,1200,30000
2024-08-28,0,0,27056,182.69,"17,198",500.74,44,1.58,29,1200,34800
2024-08-29,0,0,26723,180.34,"15,606",469.65,0,0,27,1200,32400
2024-08-30,0,0,27316,184.37,"19,171",496.34,0,0,28,1200,33600
2024-08-31,0,0,27238,183.21,"17,150",512.05,0,0,30,1200,36000
2024-09-01,0,0,25033,167.06,"20,142",543.55,0,0,35,1200,42000
2024-09-02,0,0,24808,166.79,"20,453",602.8,0,0,30,1200,36000
2024-09-03,0,0,25075,166.71,"19,127",575.54,0,0,35,1200,42000
2024-09-04,0,0,13337,92.9,"18,911",525.61,0,0,43,1200,51600
2024-09-05,0,0,13312,92.9,"18,525",552.9,0,0,33,1200,39600
2024-09-06,0,0,13329,92.67,"17,537",444.91,0,0,47,1200,56400
2024-09-07,0,0,13411,92.71,"23,236",539.13,0,0,25,1200,30000
2024-09-08,0,0,13542,92.9,"20,366",574.09,0,0,28,1200,33600
2024-09-09,0,0,13436,92.64,"21,396",510.03,0,0,38,1200,45600
2024-09-10,0,0,13396,92.64,"16,700",492.07,0,0,29,1200,34800
2024-09-11,0,0,13441,92.81,"19,466",520.66,0,0,37,1200,44400
2024-09-12,0,0,13429,92.72,"19,186",472.41,0,0,40,1200,48000
2024-09-13,0,0,13471,92.73,"21,887",500.34,0,0,34,1200,40800
2024-09-14,0,0,13457,92.9,"21,004",539.47,0,0,41,1200,49200
2024-09-15,0,0,13453,92.98,"19,432",566.89,0,0,41,1200,49200
2024-09-16,0,0,13355,92.61,"14,536",492.72,0,0,44,1200,52800
2024-09-17,0,0,13449,92.79,"19,022",523.94,0,0,42,1200,50400
2024-09-18,0,0,13189,92.51,"18,679",516.9,0,0,46,1200,55200
2024-09-19,0,0,13426,92.9,"21,208",417.98,0,0,40,1200,48000
2024-09-20,0,0,13404,92.85,"22,550",491.64,0,0,37,1200,44400
2024-09-21,0,0,13415,92.81,"24,669",508.19,0,0,43,1200,51600
2024-09-22,0,0,13514,92.82,"26,253",523.79,0,0,37,1200,44400
2024-09-23,0,0,13479,92.87,"19,817",480.13,0,0,44,1200,52800
2024-09-24,0,0,13380,92.75,"22,738",495.27,0,0,30,1200,36000
2024-09-25,0,0,13312,92.49,"19,825",498.43,0,0,36,1200,43200
2024-09-26,0,0,13369,92.83,"18,743",475.61,0,0,42,1200,50400
2024-09-27,0,0,13352,92.86,"18,293",485.11,0,0,39,1200,46800
2024-09-28,0,0,13161,91.97,"22,743",464.07,0,0,40,1200,48000
2024-09-29,0,0,13461,93.18,"21,288",473.36,0,0,35,1200,42000
2024-09-30,0,0,12564,87.83,"18,883",379.7,0,0,41,1200,49200
2024-10-01,0,0,24049,161.3,"22,651",488.55,0,0,41,1200,49200
2024-10-02,0,0,24044,161.19,"20,789",473.15,0,0,38,1200,45600
2024-10-03,0,0,24293,161.33,"21,148",472.47,0,0,35,1200,42000
2024-10-04,0,0,15137,103.32,"18,529",490.6,0,0,33,1200,39600
2024-10-05,0,0,13033,89.85,"24,221",526.18,0,0,35,1200,42000
2024-10-06,0,0,13091,89.92,"23,086",449.65,0,0,34,1200,40800
2024-10-07,0,0,12960,89.87,"19,077",433.97,0,0,43,1200,51600
2024-10-08,0,0,12983,89.72,"17,986",407.95,0,0,41,1200,49200
2024-10-09,0,0,12917,89.69,"18,080",512.87,0,0,33,1200,39600
2024-10-10,0,0,12770,89.53,"23,339",441.15,0,0,21,1200,25200
2024-10-11,0,0,12921,89.56,"22,002",455.73,0,0,36,1200,43200
2024-10-12,0,0,12963,89.6,"25,488",457.63,0,0,24,1200,28800
2024-10-13,0,0,12972,89.68,"19,573",475.7,0,0,34,1200,40800
2024-10-14,0,0,12987,89.68,"18,889",471.86,0,0,37,1200,44400
2024-10-15,0,0,12844,89.53,"15,737",449.98,0,0,43,1200,51600
2024-10-16,0,0,12800,89.52,"12,572",427.64,0,0,40,1200,48000
2024-10-17,0,0,12769,89.54,"12,054",401.01,0,0,38,1200,45600
2024-10-18,0,0,12816,89.58,"11,591",354.63,0,0,30,1200,36000
2024-10-19,0,0,12914,89.73,"12,625",428.94,0,0,40,1200,48000
2024-10-20,0,0,12821,89.64,"17,700",479.89,0,0,27,1200,32400
2024-10-21,0,0,12801,89.6,"15,859",472.59,0,0,48,1200,57600
2024-10-22,0,0,12729,89.41,"14,932",416.97,0,0,36,1200,43200
2024-10-23,0,0,12766,89.43,"13,967",480.72,0,0,35,1200,42000
2024-10-24,0,0,12729,89.44,"14,236",379.41,0,0,47,1200,56400
2024-10-25,0,0,12621,89.36,"16,098",504.38,0,0,29,1200,34800
2024-10-26,0,0,12692,89.36,"15,272",463.29,0,0,29,1200,34800
2024-10-27,0,0,12737,89.49,"15,059",450.96,0,0,46,1200,55200
2024-10-28,0,0,12731,89.34,"12,137",400.18,0,0,36,1200,43200
2024-10-29,0,0,12665,89.26,"10,651",377.86,0,0,55,1200,66000
2024-10-30,0,0,12730,89.59,"11,978",411.58,0,0,37,1200,44400
2024-10-31,0,0,11890,84.05,"9,558",341.12,0,0,33,1200,39600
2024-11-01,0,0,24616,166.73,"12,922",487.64,0,0,32,1200,38400
2024-11-02,0,0,24749,167.1,"16,174",475.91,0,0,41,1200,49200
2024-11-03,0,0,24679,166.85,"17,424",466.52,0,0,29,1200,34800
2024-11-04,0,0,24682,167.08,"13,743",441.51,0,0,42,1200,50400
2024-11-05,0,0,4658,30.96,"12,461",420.86,0,0,32,1200,38400
2024-11-06,0,0,0,0,"12,502",517.36,0,0,31,1200,37200
2024-11-07,0,0,0,0,"16,497",474.94,0,0,45,1200,54000
2024-11-08,0,0,0,0,"14,441",476.8,0,0,30,1200,36000
2024-11-09,0,0,0,0,"16,738",512.06,0,0,46,1200,55200
2024-11-10,0,0,0,0,"18,025",460.92,0,0,32,1200,38400
2024-11-11,0,0,0,0,"17,547",470.72,0,0,38,1200,45600
2024-11-12,0,0,0,0,"16,145",485.92,0,0,35,1200,42000
2024-11-13,0,0,0,0,"17,278",424.12,0,0,60,1200,72000
2024-11-14,0,0,0,0,"13,830",472.74,0,0,47,1200,56400
2024-11-15,0,0,0,0,"14,706",394.23,0,0,26,1200,31200
2024-11-16,0,0,0,0,"17,977",534.81,0,0,27,1200,32400
2024-11-17,0,0,0,0,"16,956",479.43,0,0,40,1200,48000
2024-11-18,0,0,0,0,"14,221",438.05,0,0,41,1200,49200
2024-11-19,0,0,0,0,"13,639",430.28,0,0,36,1200,43200
2024-11-20,0,0,0,0,"15,114",446.16,0,0,52,1200,62400
2024-11-21,0,0,0,0,"15,397",407.43,0,0,28,1200,33600
2024-11-22,0,0,0,0,"13,746",335.63,0,0,32,1200,38400
2024-11-23,0,0,0,0,"17,113",484.39,0,0,25,1200,30000
2024-11-24,0,0,0,0,"16,762",431.07,0,0,32,1200,38400
2024-11-25,0,0,0,0,"14,973",388.32,0,0,39,1200,46800
2024-11-26,0,0,0,0,"14,960",381.4,0,0,20,1200,24000
2024-11-27,0,0,0,0,"13,537",393.94,0,0,20,1200,24000
2024-11-28,0,0,0,0,"10,640",347.11,0,0,24,1200,28800
2024-11-29,0,0,0,0,"11,937",360.76,0,0,24,1200,28800
2024-11-30,0,0,0,0,"11,024",322.72,0,0,23,1200,27600
2024-12-01,0,0,0,0,"10,436",413.22,0,0,44,1200,52800
2024-12-02,0,0,0,0,"10,672",412.75,0,0,43,1200,51600
2024-12-03,0,0,0,0,"12,413",405.58,0,0,47,1200,56400
2024-12-04,0,0,0,0,"14,354",402.56,0,0,59,1200,70800
2024-12-05,0,0,0,0,"15,319",372.63,0,0,28,1200,33600
2024-12-06,0,0,0,0,"14,795",382.89,0,0,20,1200,24000
2024-12-07,0,0,0,0,"18,763",389.55,0,0,15,1200,18000
2024-12-08,0,0,0,0,"18,252",412.31,0,0,32,1200,38400
2024-12-09,0,0,0,0,"15,031",309.17,0,0,27,1200,32400
2024-12-10,0,0,0,0,"20,346",287.05,0,0,17,1200,20400
2024-12-11,0,0,0,0,"13,427",213.98,0,0,23,1200,27600
2024-12-12,0,0,0,0,"11,530",149.02,0,0,22,1200,26400
2024-12-13,0,0,0,0,"8,212",136.9,0,0,17,1200,20400
2024-12-14,0,0,0,0,"9,871",137.91,0,0,14,1200,16800
2024-12-15,0,0,0,0,"10,429",106.44,0,0,11,1200,13200
2024-12-16,0,0,0,0,"8,110",169.41,0,0,13,1200,15600
2024-12-17,0,0,0,0,"9,070",127.72,0,0,15,1200,18000
2024-12-18,0,0,0,0,"8,136",121.52,0,0,25,1200,30000
2024-12-19,0,0,0,0,"8,591",114.54,0,0,19,1200,22800
2024-12-20,0,0,0,0,"7,561",88.42,0,0,16,1200,19200
2024-12-21,0,0,0,0,"9,178",120.27,0,0,10,1200,12000
2024-12-22,0,0,0,0,"10,454",88.54,0,0,12,1200,14400
2024-12-23,0,0,0,0,"13,966",115.34,0,0,29,1200,34800
2024-12-24,0,0,0,0,"11,009",90.77,0,0,7,1200,8400
2024-12-25,0,0,0,0,"9,761",92.27,0,0,4,1200,4800
2024-12-26,0,0,0,0,"12,971",120.42,0,0,7,1200,8400
2024-12-27,0,0,0,0,"10,168",101.88,0,0,12,1200,14400
2024-12-28,0,0,0,0,"11,034",115.03,0,0,17,1200,20400
2024-12-29,0,0,0,0,"8,892",112.91,0,0,12,1200,14400
2024-12-30,0,0,0,0,"8,058",91.46,0,0,21,1200,25200
2024-12-31,0,0,0,0,"5,223",57.79,0,0,20,1200,24000
2025-01-01,17243,445.23,65337,368.78,"7,683",100.3,0,0,23,1200,27600
2025-01-02,17523,448.29,59804,349.4,"7,110",163.58,0,0,27,1200,32400
2025-01-03,17554,446.66,74449,432.26,"15,044",189.04,0,0,26,1200,31200
2025-01-04,17514,446.24,58560,344.91,"26,780",531.75,0,0,39,1200,46800
2025-01-05,17540,446.23,58856,343.15,"36,517",343.92,0,0,22,1200,26400
2025-01-06,17471,444.92,58492,343.31,"31,246",352.49,0,0,25,1200,30000
2025-01-07,17570,448.04,58923,345.07,"33,296",323.44,0,0,19,1200,22800
2025-01-08,17531,445.06,59043,345.44,"27,708",310.64,0,0,23,1200,27600
2025-01-09,17533,447.57,59345,348.74,"33,388",427.69,0,0,22,1200,26400
2025-01-10,18110,461.54,58961,347.09,"33,507",257.72,0,0,28,1200,33600
2025-01-11,17512,446.53,58664,343.19,"69,264",1026.66,0,0,33,1200,39600
2025-01-12,17455,446.24,58442,343.35,"58,107",661.53,0,0,31,1200,37200
2025-01-13,17560,448.11,59066,343.78,"54,767",590.94,0,0,36,1200,43200
2025-01-14,17661,449.92,58921,344.6,"49,823",663.28,0,0,35,1200,42000
2025-01-15,17446,444.82,59738,351.3,"55,308",788.73,0,0,33,1200,39600
2025-01-16,15509,444.92,59005,345.16,"55,916",814.59,0,0,27,1200,32400
2025-01-17,15913,446.06,58734,345.14,"50,338",808.81,0,0,30,1200,36000
2025-01-18,15829,445.18,58342,343.72,"47,946",795.8,0,0,26,1200,31200
2025-01-19,16043,449,58720,343.02,"38,594",664.9,0,0,29,1200,34800
2025-01-20,16132,452.19,59393,348.68,"41,361",689.02,0,0,26,1200,31200
2025-01-21,15979,447.22,59147,347.65,"30,911",599.76,0,0,34,1200,40800
2025-01-22,15973,447.91,58723,345.43,"27,789",455.94,0,0,30,1200,36000
2025-01-23,15920,446.3,58911,347.8,"33,832",558.6,0,0,24,1200,28800
2025-01-24,15976,448.06,58925,346.3,"36,701",687.91,0,0,29,1200,34800
2025-01-25,16192,453.47,60007,353,"45,258",641.8,0,0,35,1200,42000
2025-01-26,15808,444.38,58956,347.89,"43,502",573.14,0,0,27,1200,32400
2025-01-27,15951,446.3,58201,342.47,"33,747",533.52,0,0,26,1200,31200
2025-01-28,15980,447.32,58512,344.92,"31,749",499.73,0,0,29,1200,34800
2025-01-29,15960,446.94,58221,343.31,"36,451",565.37,0,0,27,1200,32400
2025-01-30,16041,449.34,58861,346,"35,707",494.37,0,0,28,1200,33600
2025-01-31,15842,444.43,59206,348.59,"37,309",538.31,0,0,34,1200,40800
2025-02-01,15849,444.45,58385,343.77,"49,897",683.84,0,0,37,1200,44400
2025-02-02,15851,443.69,59710,351.47,"44,510",633.59,0,0,40,1200,48000
2025-02-03,15918,445.56,58911,346.85,"32,480",573.54,0,0,33,1200,39600
2025-02-04,15852,444.01,58288,343.86,"33,178",714.28,0,0,34,1200,40800
2025-02-05,16090,450.95,58896,347.11,"33,273",575.39,0,0,36,1200,43200
2025-02-06,15813,443.35,58196,342.75,"23,167",516.14,0,0,27,1200,32400
2025-02-07,15793,445.83,58575,344.74,"22,381",462.16,0,0,23,1200,27600
2025-02-08,15644,448.44,58163,342.66,"29,190",510.45,0,0,33,1200,39600
2025-02-09,15720,450.96,58221,343.41,"27,356",459.16,0,0,33,1200,39600
2025-02-10,15472,443.79,58976,347.62,"27,560",505.29,0,0,32,1200,38400
2025-02-11,15987,449.04,58104,342.32,"28,087",477.89,0,0,37,1200,44400
2025-02-12,15771,444.38,58813,346.1,"26,928",533.69,0,0,30,1200,36000
2025-02-13,16139,449.19,58066,341.94,"30,659",555.85,0,0,28,1200,33600
2025-02-14,15900,445.28,58149,342.5,"28,098",550.02,0,0,25,1200,30000
2025-02-15,15802,442.98,58256,343,"34,119",587.11,0,0,32,1200,38400
2025-02-16,15777,443.72,58096,342.61,"28,211",517.43,0,0,33,1200,39600
2025-02-17,15921,445.78,57887,341.97,"24,580",422.51,0,0,29,1200,34800
2025-02-18,15875,444.44,58142,342.11,"28,123",517.17,0,0,35,1200,42000
2025-02-19,15815,443.23,59593,351.29,"30,037",497.07,0,0,33,1200,39600
2025-02-20,15754,442.11,57984,341.38,"31,626",515.2,0,0,31,1200,37200
2025-02-21,16091,443.79,58229,342.82,"25,435",530.06,0,0,37,1200,44400
2025-02-22,16003,443.15,58367,343.82,"33,612",472.74,0,0,34,1200,40800
2025-02-23,16329,450.44,58154,342.34,"34,378",509.72,0,0,32,1200,38400
2025-02-24,16159,445.32,58348,343.2,"26,151",437.57,0,0,53,1200,63600
2025-02-25,16148,443.12,57638,338.91,"28,873",522.34,0,0,37,1200,44400
2025-02-26,15960,441.4,53021,312.56,"24,156",400.61,0,0,51,1200,61200
2025-02-27,16082,442.37,58076,342.54,"21,319",369.15,0,0,36,1200,43200
2025-02-28,16069,443.56,58213,342.38,"10,610",271.34,0,0,33,1200,39600
2025-03-01,16061,442.29,58091,342.63,"16,280",333.37,0,0,42,1200,50400
2025-03-02,16316,447.2,58173,342.77,"17,416",328.77,0,0,50,1200,60000
2025-03-03,16047,441.59,57950,341.76,"15,425",318.66,0,0,48,1200,57600
2025-03-04,16239,444.36,58148,342.58,"13,579",255.82,0,0,46,1200,55200
2025-03-05,15919,440.74,58318,344.44,"13,516",281.04,0,0,51,1200,61200
2025-03-06,16008,441.86,58007,341.91,"15,358",373.79,0,0,53,1200,63600
2025-03-07,16272,447.24,58516,344.49,"15,129",300.99,0,0,38,1200,45600
2025-03-08,15923,442.8,58204,343.1,"22,424",391.67,0,0,44,1200,52800
2025-03-09,16017,443.72,57928,341.56,"19,957",339.11,0,0,54,1200,64800
2025-03-10,16234,447.17,58031,342.57,"17,637",339.54,0,0,71,1200,85200
2025-03-11,16376,451.02,58013,342.98,"15,414",261.95,0,0,69,1200,82800
2025-03-12,15779,439.04,57831,340.73,"43,104",459.81,0,0,46,1200,55200
2025-03-13,15863,440.91,57780,339.93,"47,894",601.91,0,0,56,1200,67200
2025-03-14,15980,441,58146,342.58,"40,414",586.87,0,0,40,1200,48000
2025-03-15,15822,439.46,58135,342.58,"44,826",647.98,0,0,60,1200,72000
2025-03-16,15826,439.37,58017,341.4,"45,331",556.72,0,0,55,1200,66000
2025-03-17,15978,440.36,57916,341.12,"47,696",602.52,0,0,43,1200,51600
2025-03-18,15638,438.47,58365,343.21,"40,566",570.15,0,0,47,1200,56400
2025-03-19,15822,440.22,57960,341.64,"41,427",646.03,0,0,56,1200,67200
2025-03-20,15656,439.02,57742,340.45,"38,193",603.1,0,0,62,1200,74400
2025-03-21,15676,439,58023,340.93,"40,956",563.34,0,0,58,1200,69600
2025-03-22,15657,439.44,57812,341.36,"45,395",470.9,0,0,62,1200,74400
2025-03-23,15705,441.43,57909,340.98,"47,915",710.57,0,0,46,1200,55200
2025-03-24,15702,440.13,58119,342.35,"41,222",575.12,0,0,59,1200,70800
2025-03-25,15686,440.16,57615,339.74,"44,438",599.54,0,0,55,1200,66000
2025-03-26,15732,441.53,58085,342.81,"45,372",558.05,0,0,72,1200,86400
2025-03-27,15596,438,57772,339.75,"42,314",544.51,0,0,48,1200,57600
2025-03-28,15504,434.69,56562,332.83,"63,286",551.39,0,0,58,1200,69600
2025-03-29,15559,438.17,57984,341.61,"56,031",488.61,0,0,54,1200,64800
2025-03-30,15426,433.44,58298,343.96,"61,662",506.32,0,0,62,1200,74400
2025-03-31,15266,428.53,53936,318.32,"44,368",543.72,0,0,70,1200,84000
2025-04-01,12016,336.46,65847,388.63,"52,118",574.41,0,0,60,1200,72000
2025-04-02,11984,334.54,85531,504.18,"42,029",642.9,0,0,68,1200,81600
2025-04-03,11959,335.7,86853,504.59,"63,966",562.1,0,0,50,1200,60000
2025-04-04,12114,335.84,270792,503.61,"84,783",787.04,386,5.28,52,1200,62400
2025-04-05,12115,339.52,238171,496.6,"61,029",664.36,1089,10.7,68,1200,81600
2025-04-06,11948,334.7,251113,504.37,"64,588",857.51,1497,13.45,59,1200,70800
2025-04-07,11907,333.5,286931,504.43,"55,999",777.45,1330,13.1,89,1200,106800
2025-04-08,11931,334.67,309684,503.76,"52,431",714.32,1221,11.67,81,1200,97200
2025-04-09,11978,335.39,256854,501.55,"48,291",815.08,1194,11.83,82,1200,98400
2025-04-10,11906,334.34,273108,491.79,"59,167",732.33,1168,12.1,68,1200,81600
2025-04-11,11900,334.26,283848,485.56,"70,646",851.77,617,5.74,71,1200,85200
2025-04-12,12178,341.2,321240,493.48,"57,541",697.93,4781,86.17,53,1200,63600
2025-04-13,11904,334.12,238479,506.79,"62,578",614.96,1533,34.07,62,1200,74400
2025-04-14,11887,333.08,293029,506.82,"55,198",671.41,4152,107.42,65,1200,78000
2025-04-15,11958,335.41,290305,502.56,"48,819",490.43,6570,185.53,64,1200,76800
2025-04-16,12030,336.61,244158,487.61,"48,848",592.82,7747,150.09,55,1200,66000
2025-04-17,11883,334.02,256852,509.71,"53,429",594.6,8917,139.47,43,1200,51600
2025-04-18,11870,331.96,206775,493.88,"63,708",1048.88,2245,42.68,60,1200,72000
2025-04-19,11824,331.91,206558,509.43,"67,397",1160.9,4347,104.72,74,1200,88800
2025-04-20,12447,349.29,201247,508.93,"59,715",1057.38,5493,118.06,29,1200,34800
2025-04-21,11773,330.72,224242,508.67,"60,223",1133.15,8851,133.01,77,1200,92400
2025-04-22,11754,329.99,207876,509.51,"46,834",917.81,6776,98.37,70,1200,84000
2025-04-23,11743,329.24,219640,509.68,"52,629",1024.03,5337,80.02,61,1200,73200
2025-04-24,13490,331.66,211145,510.62,"47,306",668.73,7804,113.95,54,1200,64800
2025-04-25,13372,329.7,212561,508.35,"61,069",1045.7,6306,95.04,58,1200,69600
2025-04-26,13713,327.66,205005,511.8,"60,622",886.58,8475,116.16,42,1200,50400
2025-04-27,13502,326.85,215016,509.82,"51,984",688.29,5317,89.12,44,1200,52800
2025-04-28,13401,328.77,221554,505.23,"45,983",719.79,6254,101.46,54,1200,64800
2025-04-29,13186,325.05,251361,505.14,"50,271",808.99,5558,103.1,46,1200,55200
2025-04-30,13268,328.19,222569,512.82,"39,069",561.32,6980,106.67,55,1200,66000
2025-05-01,13493,331.77,188084,387.82,"45,219",623.71,6096,103.43,38,1200,45600
2025-05-02,13278,325.46,172134,371.56,"43,565",906.4,5600,93.94,45,1200,54000
2025-05-03,13571,325.55,153999,340.42,"57,893",792.41,8446,119.52,50,1200,60000
2025-05-04,13715,323.82,201558,356.85,"49,676",724.7,7299,102.17,38,1200,45600
2025-05-05,13715,325.28,191848,356.66,"44,922",719.54,5864,87.04,40,1200,48000
2025-05-06,13768,324.91,159122,356.78,"38,840",650.42,6412,100.36,33,1200,39600
2025-05-07,13693,324.3,129373,357.05,"40,799",793.56,6579,96.48,34,1200,40800
2025-05-08,13379,322.49,152888,343.7,"39,264",681.71,5392,98.65,39,1200,46800
2025-05-09,13303,325.38,169927,355.65,"38,370",676.18,4462,92.13,29,1200,34800
2025-05-10,13280,324.05,153146,354.92,"43,434",596.47,6498,116.84,21,1200,25200
2025-05-11,12900,325.2,148672,356.11,"40,508",601.91,6534,103.69,25,1200,30000
2025-05-12,13340,327.56,174235,344.4,"37,904",734.51,5664,95.47,39,1200,46800
2025-05-13,13410,329.05,165244,342.77,"36,451",707.59,4204,92.49,36,1200,43200
2025-05-14,13098,322.77,156847,356.62,"31,071",544.6,3592,86.21,30,1200,36000
2025-05-15,13120,322.57,155150,352.49,"32,179",547.49,5493,117.66,18,1200,21600
2025-05-16,13136,326.02,174284,357.71,"30,244",506.95,5227,87.47,26,1200,31200
2025-05-17,13142,322.49,220700,347.9,"37,815",656.55,6803,116.18,30,1200,36000
2025-05-18,13214,324.66,189820,348.67,"34,335",589.09,5447,114.08,26,1200,31200
2025-05-19,13101,322.15,198680,347.04,"36,802",654.83,3933,93.5,35,1200,42000
2025-05-20,13128,320.9,216970,345.04,"30,142",543.24,4402,95.97,30,1200,36000
2025-05-21,13502,322.39,161854,362.03,"28,928",502.7,4635,102.3,23,1200,27600
2025-05-22,13026,317.91,134879,351.14,"26,898",573.54,3181,87.17,16,1200,19200
2025-05-23,13634,323.1,168674,362.49,"25,812",510.74,2935,87.59,22,1200,26400
2025-05-24,13181,318.55,193342,351.22,"27,638",527.8,3489,151.75,18,1200,21600
2025-05-25,12797,324.43,141100,353.28,"25,736",394.24,3438,112.32,17,1200,20400
2025-05-26,12935,318.07,200457,360.46,"27,719",533.71,3948,87.39,25,1200,30000
2025-05-27,12935,317.83,185263,370.58,"29,292",677.43,3607,82.06,26,1200,31200
2025-05-28,12899,316.79,203030,373.3,"27,095",551.1,3716,107.55,28,1200,33600
2025-05-29,12927,318.1,103100,267.68,"28,355",521.49,2561,74.89,17,1200,20400
2025-05-30,12831,316.49,60048,169.55,"25,330",472.85,3181,80.55,28,1200,33600
2025-05-31,13277,313.21,65407,170.15,"27,479",520.74,6124,124.28,13,1200,15600
2025-06-01,16753,401.82,74632,230.41,"32,393",436.47,3385,63.09,23,1200,27600
2025-06-02,16777,403.8,104941,295.95,"22,845",456.35,1056,20.98,24,1200,28800
2025-06-03,16532,403.08,87398,185.47,"16,130",329.29,949,19.35,14,1200,16800
2025-06-04,16624,401.93,139265,299.49,"15,593",371.4,1031,21.08,17,1200,20400
2025-06-05,16527,402.19,276724,283.94,"14,934",309.45,853,20.28,24,1200,28800
2025-06-06,16450,401.53,153787,297.32,"13,766",324.95,635,14.25,21,1200,25200
2025-06-07,16307,402.47,159691,298.92,"17,741",387.25,879,21.79,8,1200,9600
2025-06-08,16147,401.01,152041,302.37,"17,222",324.54,1091,21.94,23,1200,27600
2025-06-09,16358,402.02,153422,311.44,"18,625",511.28,987,24.14,29,1200,34800
2025-06-10,16668,403.1,78528,310.41,"14,282",341.14,778,14.23,20,1200,24000
2025-06-11,16395,400.22,36711,183.49,"12,174",265.86,923,19.15,22,1200,26400
2025-06-12,16336,400.61,31593,155.02,"12,973",370.67,1035,18.45,16,1200,19200
2025-06-13,16584,398.91,52800,154.19,"12,729",277.5,1094,19.92,20,1200,24000
2025-06-14,16686,400.03,49726,160.25,"16,686",393.84,1459,25.28,25,1200,30000
2025-06-15,16733,402.2,38087,159.95,"15,426",260.1,1013,17.89,10,1200,12000
2025-06-16,16827,400.99,42797,160.67,"17,329",370.74,1021,20.11,23,1200,27600
2025-06-17,15943,398.57,44918,160.04,"17,536",371.82,1199,25.64,19,1200,22800
2025-06-18,16218,399.23,41943,160.19,"20,085",383.56,998,16.64,25,1200,30000
2025-06-19,16418,399.85,43602,160.71,"21,498",331.5,745,14.47,21,1200,25200
2025-06-20,16916,405.39,41987,158.89,"21,308",359.63,1031,19.51,14,1200,16800
2025-06-21,16185,398,50441,160.37,"25,561",436.25,1211,25.77,23,1200,27600
2025-06-22,16196,396.28,49680,159.68,"30,028",566.77,1056,22.31,15,1200,18000
2025-06-23,16334,402.41,45240,160.05,"22,624",385.42,914,17.8,28,1200,33600
2025-06-24,16508,400.45,37999,160.24,"20,252",372.65,999,19,16,1200,19200
2025-06-25,16410,397.15,42036,159.69,"20,145",340.61,1039,16.11,20,1200,24000
2025-06-26,16611,396.93,40836,158.75,"14,466",269.15,1146,19.84,26,1200,31200
2025-06-27,16766,400.04,43335,160.16,"16,830",226.53,1146,18.8,18,1200,21600
2025-06-28,16809,400.46,46548,158.65,"22,827",448.47,1322,23.07,23,1200,27600
2025-06-29,16504,393.6,44212,155.01,"20,015",318.73,1106,22.4,19,1200,22800
2025-06-30,16275,386.32,36365,138.65,"18,548",325.96,1136,20.08,29,1200,34800
2025-07-01,13563,322.56,4690,32.32,"16,250",333.28,1176,16.45,19,1200,22800
2025-07-02,13761,326.41,39131,232.08,"16,461",286.37,1132,19.87,21,1200,25200
2025-07-03,13481,323.7,37007,232.37,"14,829",264.1,1175,17.87,20,1200,24000
2025-07-04,13515,323.43,36920,231.18,"14,806",252.03,1213,20,10,1200,12000
2025-07-05,13506,323.69,37315,232.98,"16,040",397.14,1572,22.05,11,1200,13200
2025-07-06,13705,324.49,37240,232.93,"16,409",301.61,541,5.64,16,1200,19200
2025-07-07,13582,324.83,36953,232.23,"13,604",321.2,2966,21.3,28,1200,33600
2025-07-08,13637,324.25,37346,232.76,"13,516",312.54,2440,22.93,32,1200,38400
2025-07-09,13558,323.25,37108,232.42,"14,637",331.9,2537,20.25,20,1200,24000
2025-07-10,13601,323.68,37094,232.35,"14,440",333.35,3548,25.93,20,1200,24000
2025-07-11,13631,324.84,37205,232.53,"15,817",374.4,1845,21.6,23,1200,27600
2025-07-12,13663,324.32,37062,232.4,"18,079",343.19,1886,22.02,32,1200,38400
2025-07-13,13636,324.73,37340,233.96,"17,857",295.09,2502,20.65,23,1200,27600
2025-07-14,13570,323.85,37538,235,"16,789",375.91,2534,19.22,27,1200,32400
2025-07-15,13707,325.59,37044,232.38,"15,310",334.57,2395,21.27,25,1200,30000
2025-07-16,13522,322.05,37193,232.72,"13,494",278.43,2915,16.31,18,1200,21600
2025-07-17,13569,322.09,37128,232.72,"13,070",259.2,2988,22.17,29,1200,34800
2025-07-18,13413,324.97,36644,228.93,"13,317",271.91,1635,15.32,31,1200,37200
2025-07-19,13646,323.54,37944,237.65,"15,838",342.16,3432,26.87,20,1200,24000
2025-07-20,13264,323,36852,230.87,"16,318",330.55,1785,19.24,19,1200,22800
2025-07-21,13626,322.6,37256,232.72,"15,899",334.55,2842,18.79,21,1200,25200
2025-07-22,13170,322.94,37012,231.59,"16,349",327.77,2048,23.2,22,1200,26400
2025-07-23,13610,322.92,36831,231.08,"14,742",357.91,1034,16.54,16,1200,19200
2025-07-24,13251,320.86,36994,231.69,"11,778",303.33,3380,27.98,15,1200,18000
2025-07-25,13470,320.81,36955,232.06,"11,133",214.38,3464,38.45,18,1200,21600
2025-07-26,13268,321.85,37033,231.47,"12,541",310.47,3435,49.31,27,1200,32400
2025-07-27,13612,322.23,37320,233.4,"12,603",278.96,3266,36.24,19,1200,22800
2025-07-28,13203,319.5,36561,229.22,"11,883",296.96,3639,37.67,27,1200,32400
2025-07-29,13524,318.53,34850,216.85,"11,726",258.71,3185,39.57,26,1200,31200
2025-07-30,13076,316.8,37135,233.54,"9,344",209.94,2771,36.79,28,1200,33600
2025-07-31,13418,317.23,39009,245.36,"10,652",311.92,3838,36.07,22,1200,26400
2025-08-01,13522,327.25,36235,227,"8,716",210.37,3708,38.68,20,1200,24000
2025-08-02,13672,324.96,35654,222.11,"11,473",320.23,3227,44.87,17,1200,20400
2025-08-03,13383,323.98,36201,226.46,"12,811",174.25,3404,33.78,24,1200,28800
2025-08-04,13502,324.86,36556,229.19,"11,725",315.88,4543,38.43,39,1200,46800
2025-08-05,13472,323.84,35992,225.42,"10,691",264.95,2862,32.94,24,1200,28800
2025-08-06,13443,324.52,36269,227.39,"12,351",381.12,5730,51.11,24,1200,28800
2025-08-07,13595,326.09,36239,226.45,"11,138",343.68,2909,36.89,18,1200,21600
2025-08-08,31407,746.44,36139,226.03,"32,496",648.66,3331,41.85,16,1200,19200
2025-08-09,31277,744.15,35832,224.26,"73,756",975.16,3992,44.57,30,1200,36000
2025-08-10,30891,741.42,54366,332.61,"37,631",1045.24,3338,41.63,22,1200,26400
2025-08-11,30493,741.55,35381,221.77,"37,979",1162.96,2991,40,36,1200,43200
2025-08-12,30819,745.72,35370,221.14,"38,402",985.12,2518,36.21,28,1200,33600
2025-08-13,29593,739.43,35384,222.45,"36,366",926.2,3384,36.17,27,1200,32400
2025-08-14,30704,731.61,35346,222.23,"31,587",686.38,4028,38.94,27,1200,32400
2025-08-15,31000,747.17,35236,221.48,"28,752",751.57,3019,41.99,26,1200,31200
2025-08-16,31139,742.97,35098,221.29,"27,998",752.27,4071,46.6,23,1200,27600
2025-08-17,30836,740.9,35457,222.2,"26,328",613.04,3410,40.4,28,1200,33600
2025-08-18,31042,739.36,35193,220.87,"27,530",714.1,3253,35.56,43,1200,51600
2025-08-19,31194,745.9,35486,222.39,"21,854",641.44,4042,42.63,25,1200,30000
2025-08-20,30538,726.39,35169,221.01,"24,817",585.02,3035,33.47,28,1200,33600
2025-08-21,28995,725.57,34681,217.83,"30,475",782.51,5012,43.33,28,1200,33600
2025-08-22,30855,739.4,34719,217.82,"23,350",587.71,3231,37.4,33,1200,39600
2025-08-23,30731,740.51,34894,219.92,"35,209",741.77,3477,45.47,20,1200,24000
2025-08-24,30969,740.93,34728,218.49,"29,601",712.45,3199,42.59,18,1200,21600
2025-08-25,31036,741.47,34507,216.93,"24,465",739.61,3323,38.16,23,1200,27600
2025-08-26,31359,743.55,34227,213.32,"23,850",633.48,3170,46.85,22,1200,26400
2025-08-27,31093,743.02,34797,218.8,"24,237",648.36,2063,39.23,28,1200,33600
2025-08-28,30925,737.78,35306,221.56,"21,401",588,1620,33.17,23,1200,27600
2025-08-29,30711,732.48,33455,209.41,"24,467",580.24,2014,33.29,19,1200,22800
2025-08-30,30859,732.53,36673,231.21,"26,415",580.04,1795,35.15,28,1200,33600
2025-08-31,29772,715.26,29953,186.42,"29,684",531.06,4212,42.74,10,1200,12000
2025-09-01,14180,337.14,38067,238.31,"27,549",704.59,3462,45.64,20,1200,24000
2025-09-02,13655,342.55,57134,368.98,"26,560",938.64,2759,42.75,39,1200,46800
2025-09-03,14209,334.16,51093,328.15,"26,126",771.24,2065,35.16,31,1200,37200
2025-09-04,13828,337.21,51346,328.95,"26,510",893.2,2727,44.77,30,1200,36000
2025-09-05,14744,340.31,51571,330.96,"30,821",844.09,2310,33.75,21,1200,25200
2025-09-06,14667,343.56,51257,328.51,"32,692",1064.85,2208,47.44,32,1200,38400
2025-09-07,14665,346.97,51299,329.25,"30,212",971.97,2098,38.94,29,1200,34800
2025-09-08,14430,343.45,51419,330.66,"27,787",962.06,2381,42.8,45,1200,54000
2025-09-09,14331,340.33,52181,335.08,"31,166",972.81,1445,25.5,37,1200,44400
2025-09-10,14739,343.56,52746,339.33,"35,431",1033.7,1080,18.17,39,1200,46800
2025-09-11,13884,338.88,95127,622.28,"31,443",839.98,811,15.32,32,1200,38400
2025-09-12,14268,340.18,96365,628.98,"33,236",756.94,1294,19.64,24,1200,28800
2025-09-13,13928,342.72,95366,625.18,"37,324",789.54,1128,19.61,33,1200,39600
2025-09-14,14496,340.43,95364,625.57,"34,880",767.78,1224,22.82,26,1200,31200
2025-09-15,13561,335.79,95666,626.33,"35,949",700,1251,22.33,27,1200,32400
2025-09-16,13398,332.48,96207,629.33,"26,391",739.97,1200,19.95,33,1200,39600
2025-09-17,13361,331.95,120218,624.66,"34,577",706.89,1171,20.64,24,1200,28800
2025-09-18,14129,334.77,202619,630.87,"28,795",686.59,863,17.48,28,1200,33600
2025-09-19,13048,332.95,190732,629.97,"39,379",727.56,1079,16.45,25,1200,30000
2025-09-20,13982,336.99,199231,630.5,"39,460",711.24,1260,22.87,30,1200,36000
2025-09-21,13374,331.75,182432,632.11,"34,779",738.26,1131,16.63,22,1200,26400
2025-09-22,13779,328.42,213107,632.89,"34,571",624.82,1679,25.07,33,1200,39600
2025-09-23,13272,330.19,202393,634.46,"31,494",661.9,1159,21.11,35,1200,42000
2025-09-24,11822,301.94,178183,633.89,"32,293",625.22,863,22.4,24,1200,28800
2025-09-25,12395,328.97,194794,633.79,"28,446",549.87,554,4.94,25,1200,30000
2025-09-26,12752,330.51,188461,642.67,"29,968",623.45,1563,26.33,31,1200,37200
2025-09-27,12248,325.12,200273,649.47,"36,517",706.29,1691,28.68,23,1200,27600
2025-09-28,12891,324.37,179371,648.81,"32,460",653.34,3413,42.64,31,1200,37200
2025-09-29,12253,324.21,185482,644.5,"31,372",604.75,1799,28.9,30,1200,36000
2025-09-30,12224,315.6,193147,671.27,"30,778",553.36,1877,28.46,44,1200,52800
2025-10-01,10680,276.42,80315,288.36,"27,966",648.71,1339,23.33,22,1200,26400
2025-10-02,10844,282.65,88402,317.68,"35,381",881.27,1249,20.62,28,1200,33600
2025-10-03,10925,284.85,91600,319.01,"32,698",801.05,1968,21.66,20,1200,24000
2025-10-04,11344,290.42,86224,317.21,"39,462",898.75,1558,21.48,24,1200,28800
2025-10-05,11345,296.42,91352,318.92,"40,186",876.33,1328,20.54,29,1200,34800
2025-10-06,11152,286,95628,317.32,"28,998",632.52,1763,23.56,28,1200,33600
2025-10-07,10871,299.23,90185,317.78,"32,186",857.9,1175,19.39,30,1200,36000
2025-10-08,10826,282.5,88599,319.03,"29,708",771.24,1582,19.6,37,1200,44400
2025-10-09,11616,306.79,93564,317.89,"30,711",762.68,590,12.73,28,1200,33600
2025-10-10,11799,308.53,98083,317.29,"35,388",775.08,1653,22.93,21,1200,25200
2025-10-11,11089,287.97,110274,318.53,"43,214",886.74,1625,22.9,15,1200,18000
2025-10-12,13006,347.93,85889,319.62,"34,792",730.46,900,15.95,18,1200,21600
2025-10-13,11900,302.26,87604,318.03,"35,063",760.48,1678,25.03,21,1200,25200
2025-10-14,11980,315.25,78143,319.93,"29,857",657.75,1103,18.56,31,1200,37200
2025-10-15,11629,306.28,87336,328.5,"31,917",794.44,1023,19.83,19,1200,22800
2025-10-16,13063,350.15,93686,327.87,"23,658",811.59,1073,18.52,22,1200,26400
2025-10-17,11481,313.55,98513,328.55,"29,685",768.56,1066,18.69,19,1200,22800
2025-10-18,11659,320.45,93966,328.73,"42,233",846.02,1426,25.15,23,1200,27600
2025-10-19,11913,327.74,89379,328.55,"37,725",907.81,833,19.09,21,1200,25200
2025-10-20,11451,318.58,98283,328.62,"29,961",803.74,666,8.67,15,1200,18000
2025-10-21,10848,297.24,91020,327.88,"25,532",712.84,1717,21.48,17,1200,20400
2025-10-22,12202,359.52,81686,328.35,"31,069",851.15,1586,21.47,30,1200,36000
2025-10-23,11643,326.49,85363,327.99,"32,782",758.5,1565,22.52,18,1200,21600
2025-10-24,10903,306.16,94249,329.8,"31,032",855.67,970,16.5,30,1200,36000
2025-10-25,10634,287.61,96603,328.41,"31,491",607.79,1549,20.38,13,1200,15600
2025-10-26,12184,339.68,101193,328.71,"31,000",655.95,1714,26.47,14,1200,16800
2025-10-27,13413,375.94,105685,328.35,"29,883",739.72,929,23.52,18,1200,21600
2025-10-28,11769,329.43,105198,328.99,"29,197",745.5,800,12.25,24,1200,28800
2025-10-29,12669,358.84,93059,327.49,"32,296",798.09,992,18.05,18,1200,21600
2025-10-30,14556,423.17,98839,328.33,"27,843",652.86,1406,19.78,25,1200,30000
2025-10-31,16567,487.76,84982,318.33,"29,091",576.56,1515,19.53,14,1200,16800
2025-11-01,11178,305.87,93100,332.52,"33,948",729.5,1612,24.44,10,1200,12000
2025-11-02,12062,332.41,91640,334.37,"38,206",840.99,628,11.06,18,1200,21600
2025-11-03,14647,373.06,48122,205.28,"14,078",373.41,0,0,23,1200,27600
2025-11-04,18268,493.62,26950,153.59,"10,599",195.76,0,0,21,1200,25200
2025-11-05,17406,472.62,37622,153.95,"6,591",129.88,0,0,14,1200,16800
2025-11-06,17675,479.56,34436,154.26,"14,149",202.22,0,0,13,1200,15600
2025-11-07,18924,519.09,38399,154.06,"11,398",201.92,0,0,22,1200,26400
2025-11-08,16915,470.63,43731,155.96,"9,524",173.45,0,0,10,1200,12000
2025-11-09,18141,490.9,40761,154.52,"10,816",170.32,0,0,12,1200,14400
2025-11-10,19508,528.08,45751,155.98,"5,983",203,0,0,27,1200,32400
2025-11-11,18671,491.85,40944,153.76,"8,079",195.22,0,0,10,1200,12000
2025-11-12,15660,473.96,42526,154.16,"8,008",170.16,0,0,13,1200,15600
2025-11-13,18145,514.41,41982,153.87,"7,361",137.46,0,0,13,1200,15600
2025-11-14,17410,493.6,39882,153.82,"7,640",141.67,0,0,11,1200,13200
2025-11-15,17720,560.28,48787,153.24,"7,366",158.24,0,0,11,1200,13200
2025-11-16,17978,515.77,42644,153.62,"7,374",129.67,0,0,19,1200,22800
2025-11-17,17129,479.42,40962,153,"4,495",157.73,0,0,13,1200,15600
2025-11-18,17625,528.73,43310,152.87,"6,480",151.07,0,0,17,1200,20400
2025-11-19,17625,527.05,57174,153.85,"4,678",133.65,0,0,20,1200,24000
2025-11-20,17021,495.27,44733,153.65,"6,792",131.04,0,0,13,1200,15600
2025-11-21,16152,493.5,42190,154.79,"6,468",109.08,0,0,14,1200,16800
2025-11-22,17342,495.78,49005,152.87,"8,244",219.01,0,0,16,1200,19200
2025-11-23,17686,529.64,48794,154.08,"5,724",137.52,0,0,12,1200,14400
2025-11-24,17743,528.01,53256,151.79,"4,336",127.26,0,0,17,1200,20400
2025-11-25,18019,538.34,68701,153.45,"5,058",126.66,0,0,13,1200,15600
2025-11-26,17392,533.05,51417,152.28,"4,905",146.57,0,0,14,1200,16800
2025-11-27,18457,551.7,45504,153.82,"3,839",93.51,0,0,9,1200,10800
2025-11-28,18473,553.22,62480,153.78,"3,750",172.4,0,0,10,1200,12000
2025-11-29,19391,572.61,78616,152.56,"5,645",158.99,0,0,15,1200,18000
2025-11-30,21683,643.46,59062,130.39,"4,766",108.34,0,0,12,1200,14400
2025-12-01,15555,454.21,56552,136.24,"3,780",128.49,0,0,15,1200,18000
2025-12-02,14319,439.07,70084,162.6,"3,836",126.8,0,0,14,1200,16800
2025-12-03,15337,465.14,50446,163.37,"5,078",131.29,0,0,17,1200,20400
2025-12-04,16261,494.49,70572,162.38,"3,767",103.51,0,0,20,1200,24000
2025-12-05,15072,455.04,57006,162.54,"6,570",124.95,0,0,9,1200,10800
2025-12-06,15659,477.96,59476,162.4,"6,302",128.42,0,0,12,1200,14400
2025-12-07,15110,453.24,46342,162.5,"5,814",162.81,0,0,17,1200,20400
2025-12-08,14344,444.2,43227,162.29,"4,786",106.47,0,0,17,1200,20400
2025-12-09,15073,470.21,52823,162.31,"6,337",145.5,0,0,19,1200,22800
2025-12-10,14341,442.03,81510,164.7,"6,804",160.66,0,0,18,1200,21600
2025-12-11,15587,466.69,65146,161.91,"2,943",117.97,0,0,11,1200,13200
2025-12-12,16006,468.78,46976,162.14,"5,279",108.23,0,0,13,1200,15600
2025-12-13,17431,473.81,51328,161.8,"6,477",141.19,0,0,14,1200,16800
2025-12-14,17950,497.98,41609,161.92,"6,478",135.4,0,0,13,1200,15600
2025-12-15,18232,499.57,70431,161.97,"5,219",137.25,0,0,20,1200,24000
2025-12-16,17981,490.33,54925,162.01,"4,346",128.21,0,0,8,1200,9600
2025-12-17,17194,465.83,52936,162.37,"2,901",78.57,0,0,15,1200,18000
2025-12-18,17883,487.66,55567,162.61,"6,493",165.45,0,0,9,1200,10800
2025-12-19,18600,508.58,51827,162.09,"4,154",121.84,0,0,11,1200,13200