time,google_impressions,display_impressions,ctv_impressions,meta_impressions,google_spend, display_spend,ctv_spend,meta_spend,lead_created_count,avg_lead_value,organic_impressions_searchconsole
2021-01-01,0,0,0,0,0,0,0,0,10,1200,85548
2021-01-02,0,0,0,0,0,0,0,0,10,1200,85548
2021-01-03,0,0,0,0,0,0,0,0,23,1200,85548
2021-01-04,0,0,0,0,0,0,0,0,28,1200,85548
2021-01-05,0,0,0,0,0,0,0,0,37,1200,85548
2021-01-06,0,0,0,0,0,0,0,0,27,1200,85548
2021-01-07,0,0,0,0,0,0,0,0,24,1200,85548
2021-01-08,0,0,0,0,0,0,0,0,14,1200,85548
2021-01-09,0,0,0,0,0,0,0,0,24,1200,85548
2021-01-10,0,0,0,0,0,0,0,0,40,1200,85548
2021-01-11,0,0,0,0,0,0,0,0,33,1200,85548
2021-01-12,0,0,0,0,0,0,0,0,24,1200,85548
2021-01-13,0,0,0,0,0,0,0,0,31,1200,85548
2021-01-14,0,0,0,0,0,0,0,0,28,1200,85548
2021-01-15,0,0,0,0,0,0,0,0,22,1200,85548
2021-01-16,0,0,0,0,0,0,0,0,26,1200,85548
2021-01-17,0,0,0,0,0,0,0,0,24,1200,85548
2021-01-18,0,0,0,0,0,0,0,0,51,1200,85548
2021-01-19,0,0,0,0,0,0,0,0,17,1200,85548
2021-01-20,0,0,0,0,0,0,0,0,13,1200,85548
2021-01-21,0,0,0,0,0,0,0,0,28,1200,85548
2021-01-22,0,0,0,0,0,0,0,0,19,1200,85548
2021-01-23,0,0,0,0,0,0,0,0,28,1200,85548
2021-01-24,0,0,0,0,0,0,0,0,22,1200,85548
2021-01-25,0,0,0,0,0,0,0,0,39,1200,85548
2021-01-26,0,0,0,0,0,0,0,0,30,1200,85548
2021-01-27,0,0,0,0,0,0,0,0,32,1200,85548
2021-01-28,0,0,0,0,0,0,0,0,29,1200,85548
2021-01-29,0,0,0,0,0,0,0,0,33,1200,85548
2021-01-30,0,0,0,0,0,0,0,0,17,1200,85548
2021-01-31,0,0,0,0,0,0,0,0,28,1200,85548
2021-02-01,0,0,0,0,0,0,0,0,28,1200,85548
2021-02-02,0,0,0,0,0,0,0,0,39,1200,85548
2021-02-03,0,0,0,0,0,0,0,0,42,1200,85548
2021-02-04,0,0,0,0,0,0,0,0,26,1200,85548
2021-02-05,0,0,0,0,0,0,0,0,26,1200,85548
2021-02-06,0,0,0,0,0,0,0,0,31,1200,85548
2021-02-07,0,0,0,0,0,0,0,0,29,1200,85548
2021-02-08,0,0,0,0,0,0,0,0,29,1200,85548
2021-02-09,0,0,0,0,0,0,0,0,44,1200,85548
2021-02-10,0,0,0,0,0,0,0,0,25,1200,85548
2021-02-11,0,0,0,0,0,0,0,0,32,1200,85548
2021-02-12,0,0,0,0,0,0,0,0,28,1200,85548
2021-02-13,0,0,0,0,0,0,0,0,24,1200,85548
2021-02-14,0,0,0,0,0,0,0,0,24,1200,85548
2021-02-15,0,0,0,0,0,0,0,0,23,1200,85548
2021-02-16,0,0,0,0,0,0,0,0,29,1200,85548
2021-02-17,0,0,0,0,0,0,0,0,38,1200,85548
2021-02-18,0,0,0,0,0,0,0,0,22,1200,85548
2021-02-19,0,0,0,0,0,0,0,0,20,1200,85548
2021-02-20,0,0,0,0,0,0,0,0,27,1200,85548
2021-02-21,0,0,0,0,0,0,0,0,28,1200,85548
2021-02-22,0,0,0,0,0,0,0,0,36,1200,85548
2021-02-23,0,0,0,0,0,0,0,0,45,1200,85548
2021-02-24,0,0,0,0,0,0,0,0,34,1200,85548
2021-02-25,0,0,0,0,0,0,0,0,47,1200,85548
2021-02-26,0,0,0,0,0,0,0,0,40,1200,85548
2021-02-27,0,0,0,0,0,0,0,0,30,1200,85548
2021-02-28,0,0,0,0,0,0,0,0,32,1200,85548
2021-03-01,0,0,0,0,0,0,0,0,49,1200,85548
2021-03-02,0,0,0,0,0,0,0,0,29,1200,85548
2021-03-03,0,0,0,0,0,0,0,0,30,1200,85548
2021-03-04,13352,0,0,0,478.18,0,0,0,49,1200,85548
2021-03-05,38238,0,0,0,328.53,0,0,0,49,1200,85548
2021-03-06,32299,0,0,0,270.38,0,0,0,46,1200,85548
2021-03-07,58719,0,0,0,300.44,0,0,0,40,1200,85548
2021-03-08,60766,0,0,0,301.29,0,0,0,50,1200,85548
2021-03-09,67305,0,0,0,395.15,0,0,0,52,1200,85548
2021-03-10,52422,0,0,0,315.98,0,0,0,62,1200,85548
2021-03-11,45234,0,0,0,341.42,0,0,0,50,1200,85548
2021-03-12,57152,0,0,0,311.72,0,0,0,36,1200,85548
2021-03-13,62885,0,0,0,354.27,0,0,0,64,1200,85548
2021-03-14,67308,0,0,0,339.24,0,0,0,47,1200,85548
2021-03-15,49082,0,0,0,290.68,0,0,0,47,1200,85548
2021-03-16,46793,0,0,0,342,0,0,0,70,1200,85548
2021-03-17,48366,0,0,0,316,0,0,0,49,1200,85548
2021-03-18,59612,0,0,0,354.34,0,0,0,48,1200,85548
2021-03-19,42325,0,0,0,260.99,0,0,0,49,1200,85548
2021-03-20,41789,0,0,0,307.76,0,0,0,55,1200,85548
2021-03-21,49155,0,0,0,354.74,0,0,0,52,1200,85548
2021-03-22,37463,0,0,0,289.23,0,0,0,76,1200,85548
2021-03-23,38697,0,0,0,316.71,0,0,0,73,1200,85548
2021-03-24,37042,0,0,0,352.99,0,0,0,70,1200,85548
2021-03-25,40410,0,0,0,306.93,0,0,0,71,1200,85548
2021-03-26,43219,0,0,0,284.54,0,0,0,51,1200,85548
2021-03-27,44825,0,0,0,308.52,0,0,0,67,1200,85548
2021-03-28,57359,0,0,0,346.18,0,0,0,48,1200,85548
2021-03-29,41219,0,0,0,253.36,0,0,0,83,1200,85548
2021-03-30,46721,0,0,0,362.11,0,0,0,71,1200,85548
2021-03-31,44281,0,0,0,299.64,0,0,0,51,1200,85548
2021-04-01,68425,0,0,0,348.98,0,0,0,74,1200,85548
2021-04-02,80355,0,0,0,340.48,0,0,0,47,1200,85548
2021-04-03,92996,0,0,0,338.2,0,0,0,48,1200,85548
2021-04-04,82790,0,0,0,286.79,0,0,0,35,1200,85548
2021-04-05,70682,0,0,0,349.13,0,0,0,83,1200,85548
2021-04-06,74293,0,0,0,327.14,0,0,0,87,1200,85548
2021-04-07,62145,0,0,0,347.28,0,0,0,80,1200,85548
2021-04-08,64712,0,0,0,289.46,0,0,0,92,1200,85548
2021-04-09,67798,0,0,0,347.62,0,0,0,60,1200,85548
2021-04-10,57101,0,0,0,310.77,0,0,0,76,1200,85548
2021-04-11,84443,0,0,0,300.23,0,0,0,65,1200,85548
2021-04-12,50143,0,0,0,310.31,0,0,0,101,1200,85548
2021-04-13,67879,0,0,0,323.27,0,0,0,116,1200,85548
2021-04-14,73055,0,0,0,342.16,0,0,0,83,1200,85548
2021-04-15,74692,0,0,0,328.93,0,0,0,96,1200,85548
2021-04-16,53209,0,0,0,289,0,0,0,54,1200,85548
2021-04-17,80013,0,0,0,330.37,0,0,0,77,1200,85548
2021-04-18,91347,0,0,0,362.64,0,0,0,77,1200,85548
2021-04-19,65221,0,0,0,309.4,0,0,0,86,1200,85548
2021-04-20,61231,0,0,0,324.23,0,0,0,94,1200,85548
2021-04-21,65883,0,0,0,333.46,0,0,0,84,1200,85548
2021-04-22,64421,0,0,0,326.15,0,0,0,91,1200,85548
2021-04-23,90270,0,0,0,333.2,0,0,0,80,1200,85548
2021-04-24,81196,0,0,0,332.36,0,0,0,89,1200,85548
2021-04-25,64676,0,0,0,277.74,0,0,0,68,1200,85548
2021-04-26,78081,0,0,0,326.89,0,0,0,95,1200,85548
2021-04-27,81716,0,0,0,326.55,0,0,0,80,1200,85548
2021-04-28,85923,0,0,0,340.12,0,0,0,83,1200,85548
2021-04-29,79386,0,0,0,380.07,0,0,0,67,1200,85548
2021-04-30,57415,0,0,0,196.24,0,0,0,65,1200,85548
2021-05-01,78282,0,0,0,350.6,0,0,0,72,1200,85548
2021-05-02,90324,0,0,0,359.37,0,0,0,76,1200,85548
2021-05-03,57652,0,0,0,266.91,0,0,0,79,1200,85548
2021-05-04,71389,0,0,0,360.61,0,0,0,97,1200,85548
2021-05-05,76956,0,0,0,316.17,0,0,0,65,1200,85548
2021-05-06,71475,0,0,0,313.33,0,0,0,71,1200,85548
2021-05-07,62058,0,0,0,311.58,0,0,0,46,1200,85548
2021-05-08,62609,0,0,0,301.63,0,0,0,59,1200,85548
2021-05-09,72386,0,0,0,309.05,0,0,0,52,1200,85548
2021-05-10,60086,0,0,0,351.21,0,0,0,85,1200,85548
2021-05-11,57821,0,0,0,317.26,0,0,0,75,1200,85548
2021-05-12,63375,0,0,0,379.77,0,0,0,55,1200,85548
2021-05-13,62297,0,0,0,329.03,0,0,0,52,1200,85548
2021-05-14,48004,0,0,0,279.71,0,0,0,42,1200,85548
2021-05-15,57685,0,0,0,307.79,0,0,0,33,1200,85548
2021-05-16,66544,0,0,0,348.74,0,0,0,47,1200,85548
2021-05-17,42650,0,0,0,278.13,0,0,0,60,1200,85548
2021-05-18,52025,0,0,0,343.06,0,0,0,59,1200,85548
2021-05-19,59350,0,0,0,363.8,0,0,0,69,1200,85548
2021-05-20,47766,0,0,0,337.75,0,0,0,41,1200,85548
2021-05-21,45436,0,0,0,323.07,0,0,0,46,1200,85548
2021-05-22,46014,0,0,0,334.61,0,0,0,39,1200,85548
2021-05-23,39400,0,0,0,285.82,0,0,0,38,1200,85548
2021-05-24,41133,0,0,0,315.22,0,0,0,53,1200,85548
2021-05-25,39856,0,0,0,304.26,0,0,0,50,1200,85548
2021-05-26,36710,0,0,0,300.34,0,0,0,54,1200,85548
2021-05-27,36374,0,0,0,256.35,0,0,0,50,1200,85548
2021-05-28,40845,0,0,0,261.87,0,0,0,25,1200,85548
2021-05-29,46178,0,0,0,328.39,0,0,0,30,1200,85548
2021-05-30,51004,0,0,0,245.16,0,0,0,38,1200,85548
2021-05-31,44883,0,0,0,298.26,0,0,0,35,1200,85548
2021-06-01,51450,0,0,0,368.42,0,0,0,38,1200,85548
2021-06-02,58189,0,0,0,377.94,0,0,0,42,1200,85548
2021-06-03,63591,0,0,0,386.34,0,0,0,47,1200,85548
2021-06-04,36443,0,0,0,285.8,0,0,0,35,1200,85548
2021-06-05,37350,0,0,0,285.7,0,0,0,13,1200,85548
2021-06-06,53992,0,0,0,287.03,0,0,0,34,1200,85548
2021-06-07,39304,0,0,0,263.87,0,0,0,29,1200,85548
2021-06-08,47092,0,0,0,320.09,0,0,0,46,1200,85548
2021-06-09,55888,0,0,0,392.41,0,0,0,50,1200,85548
2021-06-10,53565,0,0,0,376.66,0,0,0,40,1200,85548
2021-06-11,58138,0,0,0,354.29,0,0,0,34,1200,85548
2021-06-12,49155,0,0,0,307.03,0,0,0,42,1200,85548
2021-06-13,41624,0,0,0,305.43,0,0,0,27,1200,85548
2021-06-14,38204,0,0,0,296.31,0,0,0,51,1200,85548
2021-06-15,40950,0,0,0,307.81,0,0,0,53,1200,85548
2021-06-16,41699,0,0,0,361.83,0,0,0,39,1200,85548
2021-06-17,41762,0,0,0,348.83,0,0,0,32,1200,85548
2021-06-18,45822,0,0,0,339.4,0,0,0,29,1200,85548
2021-06-19,49166,0,0,0,296.48,0,0,0,29,1200,85548
2021-06-20,39973,0,0,0,280.75,0,0,0,30,1200,85548
2021-06-21,43955,0,0,0,273.92,0,0,0,38,1200,85548
2021-06-22,52908,0,0,0,350.58,0,0,0,46,1200,85548
2021-06-23,55140,0,0,0,358.15,0,0,0,45,1200,85548
2021-06-24,58409,0,0,0,355.5,0,0,0,38,1200,85548
2021-06-25,57162,0,0,0,259.52,0,0,0,36,1200,85548
2021-06-26,58208,0,0,0,335.71,0,0,0,25,1200,85548
2021-06-27,46027,0,0,0,332.72,0,0,0,30,1200,85548
2021-06-28,46300,0,0,0,293.35,0,0,0,39,1200,85548
2021-06-29,54451,0,0,0,322.7,0,0,0,45,1200,85548
2021-06-30,51450,0,0,0,277.13,0,0,0,45,1200,85548
2021-07-01,89983,0,0,0,569.56,0,0,0,27,1200,85548
2021-07-02,84752,0,0,0,635.54,0,0,0,37,1200,85548
2021-07-03,94782,0,0,0,699.22,0,0,0,25,1200,85548
2021-07-04,80891,0,0,0,527.64,0,0,0,23,1200,85548
2021-07-05,77722,0,0,0,631.52,0,0,0,30,1200,85548
2021-07-06,77931,0,0,0,736.16,0,0,0,49,1200,85548
2021-07-07,83513,0,0,0,751.18,0,0,0,49,1200,85548
2021-07-08,88794,0,0,0,740.18,0,0,0,53,1200,85548
2021-07-09,72653,0,0,0,501.1,0,0,0,33,1200,85548
2021-07-10,88626,0,0,0,638.38,0,0,0,52,1200,85548
2021-07-11,92900,0,0,0,661.16,0,0,0,38,1200,85548
2021-07-12,55449,0,0,0,547.61,0,0,0,61,1200,85548
2021-07-13,82626,0,0,0,620.36,0,0,0,50,1200,85548
2021-07-14,75952,0,0,0,555.21,0,0,0,39,1200,85548
2021-07-15,92523,0,0,0,626.92,0,0,0,63,1200,85548
2021-07-16,91681,0,0,0,612.76,0,0,0,51,1200,85548
2021-07-17,81859,0,0,0,691.77,0,0,0,23,1200,85548
2021-07-18,80118,0,0,0,775.29,0,0,0,41,1200,85548
2021-07-19,83584,0,0,0,682.57,0,0,0,54,1200,85548
2021-07-20,89484,0,0,0,552.45,0,0,0,44,1200,85548
2021-07-21,103585,0,0,0,773.29,0,0,0,30,1200,85548
2021-07-22,109271,0,0,0,754.12,0,0,0,37,1200,85548
2021-07-23,91550,0,0,0,612.94,0,0,0,29,1200,85548
2021-07-24,111525,0,0,0,681.76,0,0,0,29,1200,85548
2021-07-25,123722,0,0,0,763.92,0,0,0,31,1200,85548
2021-07-26,73312,0,0,0,539.59,0,0,0,38,1200,85548
2021-07-27,101034,0,0,0,661.03,0,0,0,41,1200,85548
2021-07-28,105426,0,0,0,684.14,0,0,0,56,1200,85548
2021-07-29,90976,0,0,0,637.12,0,0,0,49,1200,85548
2021-07-30,89184,0,0,0,591.65,0,0,0,37,1200,85548
2021-07-31,78708,0,0,0,558.07,0,0,0,29,1200,85548
2021-08-01,97148,0,0,0,693.07,0,0,0,33,1200,85548
2021-08-02,83011,0,0,0,661.19,0,0,0,38,1200,85548
2021-08-03,97367,0,0,0,656.68,0,0,0,32,1200,85548
2021-08-04,33412,0,0,0,234.43,0,0,0,37,1200,85548
2021-08-05,45106,0,0,0,262.02,0,0,0,40,1200,85548
2021-08-06,50994,0,0,0,275.53,0,0,0,46,1200,85548
2021-08-07,51009,0,0,0,292.12,0,0,0,48,1200,85548
2021-08-08,50584,0,0,0,259.49,0,0,0,39,1200,85548
2021-08-09,49804,0,0,0,257.43,0,0,0,59,1200,85548
2021-08-10,49007,0,0,0,311.52,0,0,0,48,1200,85548
2021-08-11,43591,0,0,0,259.93,0,0,0,45,1200,85548
2021-08-12,48479,0,0,0,295.2,0,0,0,40,1200,85548
2021-08-13,36397,0,0,0,198.69,0,0,0,32,1200,85548
2021-08-14,49098,0,0,0,311.36,0,0,0,35,1200,85548
2021-08-15,53239,0,0,0,294.48,0,0,0,44,1200,85548
2021-08-16,37861,0,0,0,245.21,0,0,0,52,1200,85548
2021-08-17,45964,0,0,0,281.02,0,0,0,61,1200,85548
2021-08-18,47165,0,0,0,290.66,0,0,0,47,1200,85548
2021-08-19,51980,0,0,0,325.34,0,0,0,40,1200,85548
2021-08-20,30605,0,0,0,194.3,0,0,0,42,1200,85548
2021-08-21,36804,0,0,0,268.99,0,0,0,37,1200,85548
2021-08-22,52300,0,0,0,277.67,0,0,0,38,1200,85548
2021-08-23,29999,0,0,0,246.65,0,0,0,59,1200,85548
2021-08-24,38409,0,0,0,257.97,0,0,0,55,1200,85548
2021-08-25,32302,0,0,0,235.11,0,0,0,45,1200,85548
2021-08-26,37323,0,0,0,245.7,0,0,0,44,1200,85548
2021-08-27,48764,0,0,0,343.73,0,0,0,36,1200,85548
2021-08-28,31905,0,0,0,255.06,0,0,0,34,1200,85548
2021-08-29,45480,0,0,0,314.72,0,0,0,50,1200,85548
2021-08-30,22127,0,0,0,175.07,0,0,0,59,1200,85548
2021-08-31,36056,0,0,0,251.72,0,0,0,66,1200,85548
2021-09-01,38960,0,0,0,273.98,0,0,0,48,1200,85548
2021-09-02,41363,0,0,0,272.9,0,0,0,27,1200,85548
2021-09-03,37952,0,0,0,249.64,0,0,0,45,1200,85548
2021-09-04,32659,0,0,0,285.36,0,0,0,35,1200,85548
2021-09-05,36105,0,0,0,256.07,0,0,0,42,1200,85548
2021-09-06,36399,0,0,0,249.7,0,0,0,52,1200,85548
2021-09-07,34438,0,0,0,312.69,0,0,0,43,1200,85548
2021-09-08,19974,0,0,0,254.58,0,0,0,56,1200,85548
2021-09-09,13041,0,0,0,217.76,0,0,0,48,1200,85548
2021-09-10,10566,0,0,0,139.52,0,0,0,53,1200,85548
2021-09-11,13320,0,0,0,205.03,0,0,0,41,1200,85548
2021-09-12,12411,0,0,0,175.32,0,0,0,45,1200,85548
2021-09-13,14938,0,0,0,232.79,0,0,0,57,1200,85548
2021-09-14,14858,0,0,0,198.43,0,0,0,77,1200,85548
2021-09-15,13392,0,0,0,175.27,0,0,0,53,1200,85548
2021-09-16,14132,0,0,0,201.96,0,0,0,45,1200,85548
2021-09-17,15639,0,0,0,201.26,0,0,0,41,1200,85548
2021-09-18,17571,0,0,0,252.13,0,0,0,42,1200,85548
2021-09-19,13301,0,0,0,214.97,0,0,0,47,1200,85548
2021-09-20,10557,0,0,0,146.76,0,0,0,55,1200,85548
2021-09-21,14687,0,0,0,229.87,0,0,0,51,1200,85548
2021-09-22,9526,0,0,0,109.42,0,0,0,63,1200,85548
2021-09-23,15997,0,0,0,267.87,0,0,0,43,1200,85548
2021-09-24,10847,0,0,0,125.71,0,0,0,38,1200,85548
2021-09-25,14283,0,0,0,241.43,0,0,0,43,1200,85548
2021-09-26,12381,0,0,0,179.8,0,0,0,36,1200,85548
2021-09-27,14907,0,0,0,218.85,0,0,0,45,1200,85548
2021-09-28,15401,0,0,0,222.24,0,0,0,49,1200,85548
2021-09-29,15986,0,0,0,214.99,0,0,0,43,1200,85548
2021-09-30,12182,0,0,0,125.3,0,0,0,42,1200,85548
2021-10-01,14239,0,0,0,193.16,0,0,0,29,1200,85548
2021-10-02,15362,0,0,0,213.73,0,0,0,35,1200,85548
2021-10-03,14924,0,0,0,208.3,0,0,0,47,1200,85548
2021-10-04,13034,0,0,0,201.33,0,0,0,48,1200,85548
2021-10-05,17246,0,0,0,225.19,0,0,0,57,1200,85548
2021-10-06,18232,0,0,0,247.21,0,0,0,40,1200,85548
2021-10-07,20022,0,0,0,248.41,0,0,0,43,1200,85548
2021-10-08,11511,0,0,0,127.52,0,0,0,20,1200,85548
2021-10-09,15805,0,0,0,162.18,0,0,0,32,1200,85548
2021-10-10,15954,0,0,0,187.55,0,0,0,37,1200,85548
2021-10-11,13618,0,0,0,176.34,0,0,0,41,1200,85548
2021-10-12,15309,0,0,0,176.96,0,0,0,30,1200,85548
2021-10-13,20631,0,0,0,238.06,0,0,0,47,1200,85548
2021-10-14,17110,0,0,0,199.24,0,0,0,45,1200,85548
2021-10-15,13218,0,0,0,136.63,0,0,0,27,1200,85548
2021-10-16,17875,0,0,0,207.52,0,0,0,34,1200,85548
2021-10-17,16784,0,0,0,219.6,0,0,0,22,1200,85548
2021-10-18,13206,0,0,0,156.79,0,0,0,48,1200,85548
2021-10-19,15116,0,0,0,176.57,0,0,0,38,1200,85548
2021-10-20,16571,0,0,0,206.14,0,0,0,40,1200,85548
2021-10-21,17218,0,0,0,199,0,0,0,29,1200,85548
2021-10-22,15301,0,0,0,176.91,0,0,0,24,1200,85548
2021-10-23,18267,0,0,0,222.14,0,0,0,18,1200,85548
2021-10-24,16866,0,0,0,195.43,0,0,0,31,1200,85548
2021-10-25,13342,0,0,0,149.74,0,0,0,40,1200,85548
2021-10-26,15963,0,0,0,185.92,0,0,0,41,1200,85548
2021-10-27,14305,0,0,0,201.94,0,0,0,27,1200,85548
2021-10-28,13573,0,0,0,150.97,0,0,0,35,1200,85548
2021-10-29,16713,0,0,0,172.19,0,0,0,27,1200,85548
2021-10-30,19555,0,0,0,236.91,0,0,0,26,1200,85548
2021-10-31,13657,0,0,0,155.23,0,0,0,20,1200,85548
2021-11-01,16517,0,0,0,207.98,0,0,0,21,1200,85548
2021-11-02,16771,0,0,0,206.76,0,0,0,22,1200,85548
2021-11-03,16038,0,0,0,182.66,0,0,0,25,1200,85548
2021-11-04,19137,0,0,0,241.99,0,0,0,28,1200,85548
2021-11-05,12049,0,0,0,159.14,0,0,0,24,1200,85548
2021-11-06,17221,0,0,0,202.43,0,0,0,19,1200,85548
2021-11-07,17544,0,0,0,210.98,0,0,0,26,1200,85548
2021-11-08,13432,0,0,0,164.75,0,0,0,39,1200,85548
2021-11-09,14509,0,0,0,179.15,0,0,0,33,1200,85548
2021-11-10,15622,0,0,0,199.29,0,0,0,30,1200,85548
2021-11-11,15958,0,0,0,197.38,0,0,0,28,1200,85548
2021-11-12,16861,0,0,0,210.15,0,0,0,20,1200,85548
2021-11-13,18273,0,0,0,240.18,0,0,0,33,1200,85548
2021-11-14,19676,0,0,0,262.93,0,0,0,29,1200,85548
2021-11-15,13605,0,0,0,183.54,0,0,0,37,1200,85548
2021-11-16,17066,0,0,0,226.92,0,0,0,30,1200,85548
2021-11-17,15795,0,0,0,191.84,0,0,0,36,1200,85548
2021-11-18,15522,0,0,0,194.58,0,0,0,31,1200,85548
2021-11-19,11482,0,0,0,130.97,0,0,0,17,1200,85548
2021-11-20,13132,0,0,0,211.13,0,0,0,18,1200,85548
2021-11-21,15572,0,0,0,219,0,0,0,24,1200,85548
2021-11-22,12651,0,0,0,187.91,0,0,0,27,1200,85548
2021-11-23,12814,0,0,0,188.46,0,0,0,28,1200,85548
2021-11-24,11897,0,0,0,162.1,0,0,0,23,1200,85548
2021-11-25,13638,0,0,0,217.51,0,0,0,15,1200,85548
2021-11-26,15869,0,0,0,248.5,0,0,0,20,1200,85548
2021-11-27,11913,0,0,0,212.47,0,0,0,25,1200,85548
2021-11-28,11772,0,0,0,178.97,0,0,0,30,1200,85548
2021-11-29,10937,0,0,0,171.75,0,0,0,32,1200,85548
2021-11-30,11270,0,0,0,195.85,0,0,0,34,1200,85548
2021-12-01,14977,0,0,0,219.18,0,0,0,27,1200,85548
2021-12-02,14989,0,0,0,225.73,0,0,0,32,1200,85548
2021-12-03,13387,0,0,0,199.54,0,0,0,26,1200,85548
2021-12-04,14388,0,0,0,209.21,0,0,0,23,1200,85548
2021-12-05,13245,0,0,0,198.34,0,0,0,33,1200,85548
2021-12-06,12378,0,0,0,183.84,0,0,0,30,1200,85548
2021-12-07,14850,0,0,0,200.68,0,0,0,30,1200,85548
2021-12-08,14851,0,0,0,216.88,0,0,0,33,1200,85548
2021-12-09,14613,0,0,0,214.44,0,0,0,24,1200,85548
2021-12-10,14115,0,0,0,198.22,0,0,0,19,1200,85548
2021-12-11,14204,0,0,0,216.38,0,0,0,15,1200,85548
2021-12-12,14940,0,0,0,188.04,0,0,0,24,1200,85548
2021-12-13,15093,0,0,0,207.95,0,0,0,27,1200,85548
2021-12-14,15814,0,0,0,226.33,0,0,0,31,1200,85548
2021-12-15,15951,0,0,0,193.14,0,0,0,21,1200,85548
2021-12-16,16312,0,0,0,226.47,0,0,0,13,1200,85548
2021-12-17,12071,0,0,0,150.21,0,0,0,12,1200,85548
2021-12-18,11941,0,0,0,161.4,0,0,0,14,1200,85548
2021-12-19,13141,0,0,0,196.27,0,0,0,18,1200,85548
2021-12-20,12710,0,0,0,194.19,0,0,0,26,1200,85548
2021-12-21,13650,0,0,0,190.11,0,0,0,28,1200,85548
2021-12-22,13084,0,0,0,149.07,0,0,0,20,1200,85548
2021-12-23,14047,0,0,0,193.57,0,0,0,12,1200,85548
2021-12-24,13220,0,0,0,177.86,0,0,0,14,1200,85548
2021-12-25,14934,0,0,0,213.04,0,0,0,7,1200,85548
2021-12-26,16171,0,0,0,198.21,0,0,0,17,1200,85548
2021-12-27,15625,0,0,0,185.24,0,0,0,15,1200,85548
2021-12-28,14520,0,0,0,200.21,0,0,0,24,1200,85548
2021-12-29,12482,0,0,0,157.68,0,0,0,34,1200,85548
2021-12-30,12603,0,0,0,161.37,0,0,0,31,1200,85548
2021-12-31,9797,0,0,0,109.81,0,0,0,35,1200,85548
2022-01-01,15643,0,0,0,214.06,0,0,0,20,1200,85548
2022-01-02,15174,0,0,0,211.98,0,0,0,26,1200,85548
2022-01-03,22214,0,0,0,333.4,0,0,0,44,1200,85548
2022-01-04,27525,0,0,0,367.48,0,0,0,36,1200,85548
2022-01-05,37841,0,0,0,455.98,0,0,0,38,1200,85548
2022-01-06,33300,0,0,0,403.29,0,0,0,34,1200,85548
2022-01-07,27963,0,0,0,453.07,0,0,0,35,1200,85548
2022-01-08,32072,0,0,0,432.75,0,0,0,49,1200,85548
2022-01-09,43695,0,0,0,491.28,0,0,0,62,1200,85548
2022-01-10,30726,0,0,0,347.95,0,0,0,49,1200,85548
2022-01-11,31987,0,0,0,497.84,0,0,0,39,1200,85548
2022-01-12,28103,0,0,0,379.6,0,0,0,38,1200,85548
2022-01-13,30462,0,0,0,436.76,0,0,0,40,1200,85548
2022-01-14,25200,0,0,0,285.61,0,0,0,44,1200,85548
2022-01-15,31009,0,0,0,487.73,0,0,0,29,1200,85548
2022-01-16,26275,0,0,0,342.63,0,0,0,37,1200,85548
2022-01-17,30015,0,0,0,393.86,0,0,0,55,1200,85548
2022-01-18,26861,0,0,0,372.82,0,0,0,47,1200,85548
2022-01-19,32481,0,0,0,484.54,0,0,0,39,1200,85548
2022-01-20,29799,0,0,0,360.89,0,0,0,41,1200,85548
2022-01-21,29002,0,0,0,440.07,0,0,0,32,1200,85548
2022-01-22,24040,0,0,0,349.94,0,0,0,44,1200,85548
2022-01-23,31783,0,0,0,430.04,0,0,0,55,1200,85548
2022-01-24,19080,0,0,0,292.8,0,0,0,59,1200,85548
2022-01-25,40445,0,0,0,490.57,0,0,0,55,1200,85548
2022-01-26,34063,0,0,0,367.25,0,0,0,48,1200,85548
2022-01-27,39873,0,0,0,482.75,0,0,0,48,1200,85548
2022-01-28,32509,0,0,0,373.85,0,0,0,36,1200,85548
2022-01-29,33412,0,0,0,446.77,0,0,0,49,1200,85548
2022-01-30,26986,0,0,0,299.52,0,0,0,60,1200,85548
2022-01-31,35639,0,0,0,383.64,0,0,0,65,1200,85548
2022-02-01,39150,0,0,0,464.52,0,0,0,50,1200,85548
2022-02-02,42019,0,0,0,463.12,0,0,0,53,1200,85548
2022-02-03,45548,0,0,0,494.42,0,0,0,58,1200,85548
2022-02-04,37470,0,0,0,432.23,0,0,0,39,1200,85548
2022-02-05,37981,0,0,0,468.43,0,0,0,48,1200,85548
2022-02-06,39426,0,0,0,432.8,0,0,0,60,1200,85548
2022-02-07,33873,0,0,0,395.16,0,0,0,51,1200,85548
2022-02-08,38041,0,0,0,434.88,0,0,0,45,1200,85548
2022-02-09,39489,0,0,0,491.22,0,0,0,64,1200,85548
2022-02-10,38722,0,0,0,462.82,0,0,0,49,1200,85548
2022-02-11,35934,0,0,0,406.71,0,0,0,53,1200,85548
2022-02-12,40674,0,0,0,484.08,0,0,0,50,1200,85548
2022-02-13,38429,0,0,0,445.15,0,0,0,40,1200,85548
2022-02-14,36054,0,0,0,409.33,0,0,0,47,1200,85548
2022-02-15,41491,0,0,0,469.77,0,0,0,54,1200,85548
2022-02-16,42501,0,0,0,409.4,0,0,0,53,1200,85548
2022-02-17,40498,0,0,0,448.83,0,0,0,53,1200,85548
2022-02-18,36183,0,0,0,399.19,0,0,0,45,1200,85548
2022-02-19,39917,0,0,0,456.64,0,0,0,55,1200,85548
2022-02-20,39531,0,0,0,455.38,0,0,0,52,1200,85548
2022-02-21,34426,0,0,0,461.89,0,0,0,69,1200,85548
2022-02-22,33491,0,0,0,397.06,0,0,0,59,1200,85548
2022-02-23,33785,0,0,0,401.15,0,0,0,68,1200,85548
2022-02-24,29104,0,0,0,384.17,0,0,0,58,1200,85548
2022-02-25,30267,0,0,0,365.43,0,0,0,50,1200,85548
2022-02-26,35711,0,0,0,517.09,0,0,0,62,1200,85548
2022-02-27,35367,0,0,0,458.34,0,0,0,59,1200,85548
2022-02-28,32294,0,0,0,397.11,0,0,0,76,1200,85548
2022-03-01,33242,0,0,0,416.06,0,0,0,72,1200,85548
2022-03-02,24582,0,0,0,364.09,0,0,0,59,1200,85548
2022-03-03,28334,0,0,0,359.13,0,0,0,69,1200,85548
2022-03-04,23639,0,0,0,307.39,0,0,0,70,1200,85548
2022-03-05,24700,0,0,0,323.4,0,0,0,80,1200,85548
2022-03-06,21539,0,0,0,309.05,0,0,0,74,1200,85548
2022-03-07,22534,0,0,0,305.75,0,0,0,92,1200,85548
2022-03-08,22476,0,0,0,352.75,0,0,0,72,1200,85548
2022-03-09,22962,0,0,0,353.95,0,0,0,85,1200,85548
2022-03-10,23006,0,0,0,362.19,0,0,0,85,1200,85548
2022-03-11,24948,0,0,0,306.58,0,0,0,60,1200,85548
2022-03-12,29371,0,0,0,389.76,0,0,0,66,1200,85548
2022-03-13,27737,0,0,0,323.78,0,0,0,84,1200,85548
2022-03-14,27694,0,0,0,355.96,0,0,0,99,1200,85548
2022-03-15,26774,0,0,0,343.42,0,0,0,107,1200,85548
2022-03-16,25693,0,0,0,323.32,0,0,0,85,1200,85548
2022-03-17,26461,0,0,0,332.51,0,0,0,100,1200,85548
2022-03-18,24262,0,0,0,309.59,0,0,0,84,1200,85548
2022-03-19,23587,0,0,0,319.3,0,0,0,97,1200,85548
2022-03-20,25285,0,0,0,283.62,0,0,0,76,1200,85548
2022-03-21,24728,0,0,0,302.05,0,0,0,116,1200,85548
2022-03-22,26658,0,0,0,325,0,0,0,122,1200,85548
2022-03-23,26820,0,0,0,335.96,0,0,0,108,1200,85548
2022-03-24,26074,0,0,0,327.29,0,0,0,95,1200,85548
2022-03-25,28634,0,0,0,326.4,0,0,0,80,1200,85548
2022-03-26,28972,0,0,0,345.67,0,0,0,93,1200,85548
2022-03-27,30565,0,0,0,378.23,0,0,0,84,1200,85548
2022-03-28,24886,0,0,0,329.87,0,0,0,135,1200,85548
2022-03-29,26519,0,0,0,297.62,0,0,0,128,1200,85548
2022-03-30,25536,0,0,0,315.35,0,0,0,129,1200,85548
2022-03-31,24684,0,0,0,292.55,0,0,0,115,1200,85548
2022-04-01,24921,0,0,0,313.92,0,0,0,110,1200,85548
2022-04-02,27205,0,0,0,386.22,0,0,0,120,1200,85548
2022-04-03,32002,0,0,0,408.76,0,0,0,120,1200,85548
2022-04-04,29212,0,0,0,385.76,0,0,0,147,1200,85548
2022-04-05,28719,0,0,0,351.33,0,0,0,119,1200,85548
2022-04-06,27422,0,0,0,338.69,0,0,0,138,1200,85548
2022-04-07,28214,0,0,0,377.52,0,0,0,125,1200,85548
2022-04-08,4979,0,0,0,277.21,0,0,0,112,1200,85548
2022-04-09,5700,0,0,0,274.72,0,0,0,123,1200,85548
2022-04-10,4874,0,0,0,240.25,0,0,0,124,1200,85548
2022-04-11,5452,0,0,0,277.97,0,0,0,164,1200,85548
2022-04-12,5588,0,0,0,338.75,0,0,0,138,1200,85548
2022-04-13,4761,0,0,0,387.67,0,0,0,148,1200,85548
2022-04-14,5162,0,0,0,322.55,0,0,0,133,1200,85548
2022-04-15,5986,0,0,0,308.19,0,0,0,127,1200,85548
2022-04-16,8953,0,0,0,377.4,0,0,0,130,1200,85548
2022-04-17,6967,0,0,0,311.93,0,0,0,92,1200,85548
2022-04-18,11544,0,0,0,453.28,0,0,0,186,1200,85548
2022-04-19,10414,0,0,0,365.39,0,0,0,168,1200,85548
2022-04-20,10462,0,0,0,377.27,0,0,0,150,1200,85548
2022-04-21,8219,0,0,0,325.32,0,0,0,124,1200,85548
2022-04-22,8332,0,0,0,219.16,0,0,0,116,1200,85548
2022-04-23,8268,0,0,0,311.17,0,0,0,109,1200,85548
2022-04-24,7927,0,0,0,288.77,0,0,0,147,1200,85548
2022-04-25,8170,0,0,0,398.52,0,0,0,148,1200,85548
2022-04-26,8296,0,0,0,398.63,0,0,0,172,1200,85548
2022-04-27,7976,0,0,0,395.88,0,0,0,147,1200,85548
2022-04-28,9704,0,0,0,392.63,0,0,0,115,1200,85548
2022-04-29,7295,0,0,0,249.77,0,0,0,98,1200,85548
2022-04-30,5536,0,0,0,135.08,0,0,0,100,1200,85548
2022-05-01,9911,0,0,0,267.88,0,0,0,109,1200,85548
2022-05-02,8379,0,0,0,276.12,0,0,0,127,1200,85548
2022-05-03,7928,0,0,0,210.33,0,0,0,129,1200,85548
2022-05-04,9432,0,0,0,255.98,0,0,0,123,1200,85548
2022-05-05,9764,0,0,0,228.36,0,0,0,90,1200,85548
2022-05-06,9605,0,0,0,286.14,0,0,0,90,1200,85548
2022-05-07,10389,0,0,0,222.87,0,0,0,89,1200,85548
2022-05-08,11144,0,0,0,231.31,0,0,0,67,1200,85548
2022-05-09,12376,0,0,0,240.03,0,0,0,99,1200,85548
2022-05-10,14697,0,0,0,245.45,0,0,0,91,1200,85548
2022-05-11,12150,0,0,0,253.59,0,0,0,83,1200,85548
2022-05-12,13599,0,0,0,226.91,0,0,0,59,1200,85548
2022-05-13,12015,0,0,0,203.68,0,0,0,66,1200,85548
2022-05-14,15131,0,0,0,215.65,0,0,0,63,1200,85548
2022-05-15,19508,0,0,0,233.73,0,0,0,55,1200,85548
2022-05-16,14301,0,0,0,246.13,0,0,0,72,1200,85548
2022-05-17,14423,0,0,0,208.87,0,0,0,74,1200,85548
2022-05-18,13755,0,0,0,236.49,0,0,0,66,1200,85548
2022-05-19,12243,0,0,0,207.71,0,0,0,54,1200,85548
2022-05-20,11508,0,0,0,193.74,0,0,0,64,1200,85548
2022-05-21,12059,0,0,0,229.19,0,0,0,38,1200,85548
2022-05-22,11663,0,0,0,249.63,0,0,0,31,1200,85548
2022-05-23,10858,0,0,0,222.13,0,0,0,61,1200,85548
2022-05-24,9543,0,0,0,200.73,0,0,0,63,1200,85548
2022-05-25,10636,0,0,0,212.95,0,0,0,54,1200,85548
2022-05-26,12072,0,0,0,219.92,0,0,0,45,1200,85548
2022-05-27,12385,0,0,0,265.54,0,0,0,38,1200,85548
2022-05-28,10427,0,0,0,241.23,0,0,0,48,1200,85548
2022-05-29,10346,0,0,0,187.46,0,0,0,37,1200,85548
2022-05-30,11655,0,0,0,198.27,0,0,0,33,1200,85548
2022-05-31,7296,0,0,0,142.33,0,0,0,46,1200,85548
2022-06-01,7029,0,0,0,125.3,0,0,0,69,1200,85548
2022-06-02,6300,0,0,0,110.01,0,0,0,35,1200,85548
2022-06-03,7409,0,0,0,168.86,0,0,0,36,1200,85548
2022-06-04,6724,0,0,0,142.74,0,0,0,46,1200,85548
2022-06-05,6598,0,0,0,144.94,0,0,0,21,1200,85548
2022-06-06,6543,0,0,0,120.38,0,0,0,53,1200,85548
2022-06-07,7429,0,0,0,126.83,0,0,0,41,1200,85548
2022-06-08,13020,0,0,0,163.57,0,0,0,54,1200,85548
2022-06-09,18283,3131,0,0,255.34,19.43,0,0,35,1200,85548
2022-06-10,16434,11864,0,0,267.62,152.02,0,0,27,1200,85548
2022-06-11,13355,7486,0,0,248.43,147.9,0,0,26,1200,85548
2022-06-12,14218,6835,0,0,245.64,128.49,0,0,27,1200,85548
2022-06-13,11572,8771,0,0,262.86,134.72,0,0,39,1200,85548
2022-06-14,13184,8547,0,0,231.62,136.89,0,0,38,1200,85548
2022-06-15,13763,8682,0,0,209.04,136.11,0,0,45,1200,85548
2022-06-16,15817,8488,0,0,270.03,138.46,0,0,43,1200,85548
2022-06-17,13487,7830,0,0,234.83,130.17,0,0,29,1200,85548
2022-06-18,13661,7341,0,0,230.66,129.82,0,0,32,1200,85548
2022-06-19,12035,7320,0,0,167.21,142.12,0,0,26,1200,85548
2022-06-20,13608,8790,0,0,249.67,148.45,0,0,45,1200,85548
2022-06-21,13263,8236,0,0,267.44,133.78,0,0,36,1200,85548
2022-06-22,13785,8363,0,0,198.55,135.67,0,0,35,1200,85548
2022-06-23,13428,8652,0,0,176.35,135.95,0,0,42,1200,85548
2022-06-24,10875,8109,0,0,173.78,135.25,0,0,19,1200,85548
2022-06-25,11943,7374,0,0,236.39,150.06,0,0,25,1200,85548
2022-06-26,14714,7091,0,0,264.69,127.38,0,0,23,1200,85548
2022-06-27,14847,9041,0,0,285.4,135.62,0,0,28,1200,85548
2022-06-28,10780,9665,0,0,260.02,136.96,0,0,36,1200,85548
2022-06-29,9214,8703,0,0,201.03,136.3,0,0,34,1200,85548
2022-06-30,9746,8865,0,0,199.59,136.25,0,0,34,1200,85548
2022-07-01,13492,7413,0,0,305.25,99.37,0,0,25,1200,85548
2022-07-02,16503,6900,0,0,357.37,98.23,0,0,17,1200,85548
2022-07-03,18252,7390,0,0,377.26,100.28,0,0,16,1200,85548
2022-07-04,14653,7476,0,0,266.83,101.72,0,0,15,1200,85548
2022-07-05,17365,8450,0,0,468.87,107.57,0,0,46,1200,85548
2022-07-06,17453,7991,0,0,427.87,101.05,0,0,43,1200,85548
2022-07-07,18449,8142,0,0,402.62,101.23,0,0,46,1200,85548
2022-07-08,23231,8589,0,0,566.93,100.93,0,0,34,1200,85548
2022-07-09,23084,6763,0,0,528.02,95.22,0,0,45,1200,85548
2022-07-10,25483,7444,0,0,631.94,104.74,0,0,35,1200,85548
2022-07-11,35308,9314,0,0,733.31,101.16,0,0,45,1200,85548
2022-07-12,64604,8587,0,0,874.84,97.27,0,0,42,1200,85548
2022-07-13,48941,9213,0,0,830.3,108.84,0,0,47,1200,85548
2022-07-14,22766,8305,0,0,612.18,102.42,0,0,46,1200,85548
2022-07-15,22499,8226,0,0,589.61,100.55,0,0,27,1200,85548
2022-07-16,26452,7332,0,0,591.94,101.8,0,0,28,1200,85548
2022-07-17,25021,8124,0,0,623.75,102.77,0,0,36,1200,85548
2022-07-18,24937,9008,0,0,694.8,100.51,0,0,43,1200,85548
2022-07-19,24095,8359,0,0,635.73,94.14,0,0,28,1200,85548
2022-07-20,22106,8330,0,0,574.39,101.04,0,0,46,1200,85548
2022-07-21,21315,8653,0,0,579.89,103.7,0,0,28,1200,85548
2022-07-22,19624,8539,0,0,552.27,101.29,0,0,28,1200,85548
2022-07-23,20173,7457,0,0,557.01,102.89,0,0,18,1200,85548
2022-07-24,21060,7208,0,0,558.6,100.36,0,0,27,1200,85548
2022-07-25,18511,8468,0,0,560.54,105.19,0,0,40,1200,85548
2022-07-26,14305,8668,0,0,478.4,100.05,0,0,37,1200,85548
2022-07-27,13947,8618,0,0,466.73,100.57,0,0,37,1200,85548
2022-07-28,14339,8601,0,0,488.53,98.39,0,0,23,1200,85548
2022-07-29,12600,7257,0,0,460.58,89.98,0,0,19,1200,85548
2022-07-30,13546,7494,0,0,441.38,103.8,0,0,20,1200,85548
2022-07-31,14157,7960,0,0,476.21,103.7,0,0,27,1200,85548
2022-08-01,16287,3886,0,0,485.51,43.53,0,0,42,1200,85548
2022-08-02,14685,236238,0,0,396.43,259.56,0,0,28,1200,85548
2022-08-03,14685,254910,0,0,392.1,258.88,0,0,33,1200,85548
2022-08-04,14586,102836,0,0,379.25,202.6,0,0,27,1200,85548
2022-08-05,13987,109344,0,0,356.58,212.23,0,0,40,1200,85548
2022-08-06,14662,98909,0,0,391.99,210.66,0,0,26,1200,85548
2022-08-07,14863,117091,0,0,389.16,229.95,0,0,35,1200,85548
2022-08-08,25148,106278,0,0,395.67,221.05,0,0,42,1200,85548
2022-08-09,27188,135467,0,0,386.33,218.45,0,0,38,1200,85548
2022-08-10,12813,153237,0,0,347.56,250.9,0,0,25,1200,85548
2022-08-11,13096,150556,0,0,338.24,226.1,0,0,39,1200,85548
2022-08-12,12043,158155,0,0,334.06,229.88,0,0,31,1200,85548
2022-08-13,12198,129778,0,0,340.9,231.36,0,0,33,1200,85548
2022-08-14,12693,116938,0,0,339.64,223.48,0,0,25,1200,85548
2022-08-15,14995,115188,0,0,384.45,228.82,0,0,42,1200,85548
2022-08-16,19245,118334,0,0,431.65,228.63,0,0,40,1200,85548
2022-08-17,18769,140579,0,0,423.7,231,0,0,36,1200,85548
2022-08-18,18482,147773,0,0,390.91,228.9,0,0,26,1200,85548
2022-08-19,19386,132476,0,0,364.48,227.54,0,0,25,1200,85548
2022-08-20,19210,156379,0,0,411.95,248.21,0,0,20,1200,85548
2022-08-21,19622,139996,0,0,373.91,224.46,0,0,31,1200,85548
2022-08-22,19071,118266,0,0,386.11,229.81,0,0,32,1200,85548
2022-08-23,18954,120547,0,0,364.29,228.74,0,0,45,1200,85548
2022-08-24,19327,125971,0,0,373.99,224.57,0,0,41,1200,85548
2022-08-25,20335,126477,0,0,363.27,229.92,0,0,50,1200,85548
2022-08-26,16984,128991,0,0,364.52,230.02,0,0,36,1200,85548
2022-08-27,20188,120503,0,0,377.65,228.1,0,0,34,1200,85548
2022-08-28,17792,126647,0,0,350.49,230.09,0,0,27,1200,85548
2022-08-29,18166,114300,0,0,380.23,230.94,0,0,29,1200,85548
2022-08-30,18130,119135,0,0,379.59,237.36,0,0,48,1200,85548
2022-08-31,18517,119010,0,0,342.16,231.78,0,0,45,1200,85548
2022-09-01,19764,122769,0,0,396.8,235.56,0,0,29,1200,85548
2022-09-02,20937,91542,0,0,443.37,159.97,0,0,26,1200,85548
2022-09-03,21195,78110,0,0,460.77,138.21,0,0,26,1200,85548
2022-09-04,20879,102122,0,0,375.86,188.89,0,0,19,1200,85548
2022-09-05,19634,80671,0,0,396.22,172.83,0,0,32,1200,85548
2022-09-06,7672,82641,0,0,199.63,170.84,0,0,46,1200,85548
2022-09-07,461,107716,0,0,122.58,171.82,0,0,40,1200,85548
2022-09-08,686,114106,0,0,119.97,170.14,0,0,27,1200,85548
2022-09-09,835,104011,0,0,130.58,173.32,0,0,23,1200,85548
2022-09-10,485,88726,0,0,102.99,171.86,0,0,27,1200,85548
2022-09-11,723,87025,0,0,119.58,170.35,0,0,33,1200,85548
2022-09-12,724,75685,0,0,131.78,167.41,0,0,56,1200,85548
2022-09-13,1310,76949,0,0,234.44,170.61,0,0,36,1200,85548
2022-09-14,2131,84596,0,0,239.06,185.15,0,0,38,1200,85548
2022-09-15,2714,76495,0,0,234.08,170.5,0,0,36,1200,85548
2022-09-16,1272,72523,0,0,216.9,177.64,0,0,16,1200,85548
2022-09-17,911,77786,0,0,133.63,178.88,0,0,28,1200,85548
2022-09-18,928,74613,0,0,161.96,173.25,0,0,25,1200,85548
2022-09-19,1409,67884,0,0,193.52,176.28,0,0,44,1200,85548
2022-09-20,1918,70234,0,0,245,162.72,0,0,44,1200,85548
2022-09-21,2272,72906,0,0,282.13,169.35,0,0,38,1200,85548
2022-09-22,2579,75202,0,0,280.46,176.44,0,0,29,1200,85548
2022-09-23,2830,81701,0,0,316.28,172.73,0,0,40,1200,85548
2022-09-24,1934,101009,0,0,211.48,170.75,0,0,29,1200,85548
2022-09-25,1458,104430,0,0,216.13,172.63,0,0,33,1200,85548
2022-09-26,1686,91420,0,0,233.61,176.03,0,0,39,1200,85548
2022-09-27,1290,72458,0,0,226.13,176.46,0,0,42,1200,85548
2022-09-28,1307,74294,0,0,233.85,181.32,0,0,40,1200,85548
2022-09-29,1005,73371,0,0,183.29,177.12,0,0,37,1200,85548
2022-09-30,1382,49301,0,0,207.22,96.76,0,0,28,1200,85548
2022-10-01,1371,87723,0,0,225.89,147.08,0,0,35,1200,85548
2022-10-02,1455,99090,0,0,221.6,154.24,0,0,41,1200,85548
2022-10-03,974,88469,0,0,148.93,149.47,0,0,42,1200,85548
2022-10-04,830,74385,0,0,125.47,125.75,0,0,46,1200,85548
2022-10-05,897,91018,0,0,150.18,158.32,0,0,28,1200,85548
2022-10-06,1084,88242,0,0,162.02,156.66,0,0,35,1200,85548
2022-10-07,828,98905,0,0,123.95,158.18,0,0,37,1200,85548
2022-10-08,803,90344,0,0,104.18,144.7,0,0,28,1200,85548
2022-10-09,1007,82848,0,0,140.6,137.6,0,0,38,1200,85548
2022-10-10,1208,87464,0,0,143.66,144.76,0,0,32,1200,85548
2022-10-11,847,92041,0,0,143.12,154.07,0,0,42,1200,85548
2022-10-12,886,88858,0,0,159.48,156.5,0,0,35,1200,85548
2022-10-13,956,69492,0,0,132.38,109.55,0,0,27,1200,85548
2022-10-14,697,130121,0,0,119.89,424.83,0,0,39,1200,85548
2022-10-15,757,178216,0,0,110.16,417.97,0,0,31,1200,85548
2022-10-16,937,165183,0,0,189.46,399.51,0,0,41,1200,85548
2022-10-17,712,172802,0,0,126.55,445.24,0,0,26,1200,85548
2022-10-18,682,179403,0,0,113.76,439.62,0,0,24,1200,85548
2022-10-19,611,178449,0,0,110.72,415.12,0,0,27,1200,85548
2022-10-20,1041,159590,0,0,151.14,438.02,0,0,31,1200,85548
2022-10-21,791,156398,0,0,149.8,408.8,0,0,30,1200,85548
2022-10-22,688,149465,0,0,98.55,416.1,0,0,21,1200,85548
2022-10-23,1159,157008,0,0,174.85,394.86,0,0,18,1200,85548
2022-10-24,948,163873,0,0,125.08,406.43,0,0,21,1200,85548
2022-10-25,780,180970,0,0,123.13,431.2,0,0,35,1200,85548
2022-10-26,705,167045,0,0,112.6,418.99,0,0,18,1200,85548
2022-10-27,633,160492,0,0,110.86,436.06,0,0,32,1200,85548
2022-10-28,749,181174,0,0,100.85,420.82,0,0,25,1200,85548
2022-10-29,879,164510,0,0,136.36,427.54,0,0,19,1200,85548
2022-10-30,966,165000,0,0,141.81,417.85,0,0,30,1200,85548
2022-10-31,960,68486,0,0,128.67,123.26,0,0,27,1200,85548
2022-11-01,1438,109732,0,0,152.29,216.12,0,0,21,1200,85548
2022-11-02,1102,100972,0,0,131.81,203.18,0,0,33,1200,85548
2022-11-03,1301,108180,0,0,138.98,215.63,0,0,31,1200,85548
2022-11-04,1772,112991,0,0,134.82,255.39,0,0,27,1200,85548
2022-11-05,1918,148364,0,0,165.57,332.75,0,0,31,1200,85548
2022-11-06,1051,142530,0,0,128.76,327.29,0,0,17,1200,85548
2022-11-07,1154,129016,0,0,133.85,276.58,0,0,18,1200,85548
2022-11-08,1741,146019,0,0,132.65,324.65,0,0,37,1200,85548
2022-11-09,1423,131706,0,0,152.41,246.99,0,0,29,1200,85548
2022-11-10,1360,144425,0,0,104.21,277.15,0,0,29,1200,85548
2022-11-11,1342,154290,0,0,104.43,314.95,0,0,29,1200,85548
2022-11-12,3223,152295,0,0,172.3,322.56,0,0,20,1200,85548
2022-11-13,3881,153950,0,0,178.28,318.28,0,0,21,1200,85548
2022-11-14,662,143331,0,0,128.08,319.63,0,0,25,1200,85548
2022-11-15,877,134291,0,0,115.73,320.11,0,0,28,1200,85548
2022-11-16,788,165946,0,0,104.16,305.96,0,0,16,1200,85548
2022-11-17,730,172451,0,0,95.74,312.55,0,0,26,1200,85548
2022-11-18,1313,148829,0,0,166.79,299.58,0,0,15,1200,85548
2022-11-19,983,151601,0,0,144.83,308,0,0,21,1200,85548
2022-11-20,1049,139796,0,0,159.41,292.36,0,0,16,1200,85548
2022-11-21,780,138549,0,0,126.86,272.7,0,0,22,1200,85548
2022-11-22,785,152935,0,0,124.02,302.58,0,0,14,1200,85548
2022-11-23,863,164955,0,0,113.6,308.09,0,0,15,1200,85548
2022-11-24,675,148818,0,0,121.7,301.42,0,0,11,1200,85548
2022-11-25,745,150245,0,0,123.02,305.88,0,0,22,1200,85548
2022-11-26,636,160225,0,0,106.8,301.56,0,0,26,1200,85548
2022-11-27,826,133013,0,0,116.15,287.44,0,0,24,1200,85548
2022-11-28,824,109471,0,0,118.19,251.55,0,0,27,1200,85548
2022-11-29,813,164495,0,0,117.78,329.77,0,0,32,1200,85548
2022-11-30,907,160997,0,0,109.2,295.34,0,0,26,1200,85548
2022-12-01,1865,126418,0,0,122.3,229.34,0,0,31,1200,85548
2022-12-02,2282,110969,0,0,141.5,211.72,0,0,25,1200,85548
2022-12-03,1293,110271,0,0,106.03,221.16,0,0,20,1200,85548
2022-12-04,945,106168,0,0,107.01,210.83,0,0,25,1200,85548
2022-12-05,1810,98340,0,0,192.84,202.86,0,0,31,1200,85548
2022-12-06,2730,102954,0,0,172.92,212.38,0,0,35,1200,85548
2022-12-07,5105,117180,0,0,185.84,219.73,0,0,22,1200,85548
2022-12-08,9918,114406,0,0,422.2,214.03,0,0,30,1200,85548
2022-12-09,6358,89337,0,0,424.85,158.82,0,0,19,1200,85548
2022-12-10,6272,107252,0,0,420.79,186.87,0,0,20,1200,85548
2022-12-11,5873,99597,0,0,424.09,170.15,0,0,23,1200,85548
2022-12-12,5953,113484,0,0,418.03,217.43,0,0,12,1200,85548
2022-12-13,6136,109001,0,0,401.23,214.91,0,0,28,1200,85548
2022-12-14,5877,129250,0,0,314.59,220.32,0,0,30,1200,85548
2022-12-15,5332,120927,0,0,266.32,208.3,0,0,17,1200,85548
2022-12-16,5458,116296,0,0,248.68,206.07,0,0,12,1200,85548
2022-12-17,6879,108638,0,0,247.17,205.22,0,0,13,1200,85548
2022-12-18,5074,116092,0,0,252.45,195.55,0,0,10,1200,85548
2022-12-19,3764,118146,0,0,254.05,197.14,0,0,16,1200,85548
2022-12-20,4310,124628,0,0,250.07,206.21,0,0,27,1200,85548
2022-12-21,3996,139114,0,0,243.38,206.07,0,0,17,1200,85548
2022-12-22,3799,116037,0,0,243.31,198.55,0,0,22,1200,85548
2022-12-23,4525,124837,0,0,248.01,211.65,0,0,17,1200,85548
2022-12-24,6233,124574,0,0,255.3,212.31,0,0,8,1200,85548
2022-12-25,6250,121647,0,0,240.81,215.68,0,0,5,1200,85548
2022-12-26,6584,111690,0,0,249.55,211.14,0,0,11,1200,85548
2022-12-27,4308,106103,0,0,239.56,189.57,0,0,33,1200,85548
2022-12-28,4752,109075,0,0,242.62,196.98,0,0,19,1200,85548
2022-12-29,4232,120036,0,0,234.59,212.79,0,0,25,1200,85548
2022-12-30,4531,70626,0,0,229.76,122.89,0,0,26,1200,85548
2022-12-31,4540,128922,0,0,216.26,224.29,0,0,17,1200,85548
2023-01-01,6216,111155,0,0,297.28,226.35,0,0,11,1200,85548
2023-01-02,8496,102492,0,0,451.71,216.81,0,0,25,1200,85548
2023-01-03,20706,98120,0,0,600.5,219.17,0,0,29,1200,85548
2023-01-04,11659,111176,0,0,538.51,214.18,0,0,30,1200,85548
2023-01-05,21451,120048,0,0,516.72,211.96,0,0,34,1200,85548
2023-01-06,11805,120290,0,0,564.15,214.34,0,0,40,1200,85548
2023-01-07,15478,118334,0,0,631.04,208.23,0,0,42,1200,85548
2023-01-08,11193,112072,0,0,633.15,202.81,0,0,45,1200,85548
2023-01-09,9610,97882,0,0,539.04,215.74,0,0,50,1200,85548
2023-01-10,9997,102248,0,0,553.21,227.07,0,0,38,1200,85548
2023-01-11,10149,107136,0,0,549.89,217.77,0,0,43,1200,85548
2023-01-12,12612,95400,0,0,514.89,214.79,0,0,38,1200,85548
2023-01-13,10646,95118,0,0,612.39,251.55,0,0,39,1200,85548
2023-01-14,8665,102848,0,0,558.57,273.69,0,0,23,1200,85548
2023-01-15,8037,105940,0,0,561.64,281.44,0,0,44,1200,85548
2023-01-16,8926,96662,0,0,536.36,282.29,0,0,68,1200,85548
2023-01-17,7721,98967,0,0,536.01,279.1,0,0,51,1200,85548
2023-01-18,6248,108936,0,0,527.53,295.65,0,0,51,1200,85548
2023-01-19,7515,79762,0,0,517.52,192.83,0,0,37,1200,85548
2023-01-20,7233,101545,0,0,540.84,258.02,0,0,39,1200,85548
2023-01-21,7267,111932,0,0,494.5,281.63,0,0,53,1200,85548
2023-01-22,9276,112404,0,0,521.11,266.07,0,0,52,1200,85548
2023-01-23,7810,102567,0,0,588.76,283.94,0,0,68,1200,85548
2023-01-24,8964,98981,0,0,537.31,284.08,0,0,51,1200,85548
2023-01-25,8921,107788,0,0,500.04,277.14,0,0,56,1200,85548
2023-01-26,8444,106186,0,0,548.62,269.66,0,0,39,1200,85548
2023-01-27,8781,108006,0,0,470.97,272.29,0,0,43,1200,85548
2023-01-28,7828,115485,0,0,521.03,261.14,0,0,39,1200,85548
2023-01-29,8143,127755,0,0,516.19,285.63,0,0,32,1200,85548
2023-01-30,7324,123156,0,0,522.36,267.84,0,0,47,1200,85548
2023-01-31,7737,133343,0,0,446.9,261.57,0,0,50,1200,85548
2023-02-01,9718,106130,0,0,414.34,186.02,0,0,43,1200,85548
2023-02-02,8484,119865,0,0,445.42,186.64,0,0,51,1200,85548
2023-02-03,10708,126020,0,0,455.92,194.55,0,0,43,1200,85548
2023-02-04,9214,120789,0,0,555.53,188.6,0,0,39,1200,85548
2023-02-05,8643,110912,0,0,492.39,182.28,0,0,49,1200,85548
2023-02-06,9720,95619,0,0,556.89,173.92,0,0,52,1200,85548
2023-02-07,7883,93568,0,0,567.77,187.67,0,0,53,1200,85548
2023-02-08,8898,100164,0,0,485.6,176.36,0,0,41,1200,85548
2023-02-09,7350,91237,0,0,500.07,167.97,0,0,43,1200,85548
2023-02-10,9448,89899,0,0,418.21,183.45,0,0,42,1200,85548
2023-02-11,8008,100499,0,0,501.66,189.27,0,0,45,1200,85548
2023-02-12,7166,108227,0,0,384.16,183.92,0,0,45,1200,85548
2023-02-13,6768,96349,0,0,498.38,182.76,0,0,34,1200,85548
2023-02-14,6793,100162,0,0,431.65,181.16,0,0,47,1200,85548
2023-02-15,6684,122078,0,0,491.44,181.24,0,0,40,1200,85548
2023-02-16,5424,110932,0,0,455.28,175.81,0,0,56,1200,85548
2023-02-17,5829,116898,0,0,389.33,190.76,0,0,50,1200,85548
2023-02-18,4773,101435,0,0,355.87,187.16,0,0,59,1200,85548
2023-02-19,5617,107091,0,0,310.42,176.17,0,0,55,1200,85548
2023-02-20,7784,96406,0,0,452.39,175.32,0,0,54,1200,85548
2023-02-21,9878,107630,0,0,428.09,190.19,0,0,58,1200,85548
2023-02-22,9874,123161,0,0,426.28,187.6,0,0,41,1200,85548
2023-02-23,9735,120326,0,0,353.78,175.59,0,0,43,1200,85548
2023-02-24,9104,113358,0,0,412.18,176.84,0,0,48,1200,85548
2023-02-25,8912,103250,0,0,528.91,177.47,0,0,62,1200,85548
2023-02-26,2966,104036,0,0,375.07,181.28,0,0,46,1200,85548
2023-02-27,3636,93875,0,0,349.24,180.62,0,0,60,1200,85548
2023-02-28,4207,91765,0,0,329.38,181.16,0,0,63,1200,85548
2023-03-01,4234,109423,0,0,476.86,184.54,0,0,71,1200,85548
2023-03-02,8135,83293,0,0,434.44,139.46,0,0,70,1200,85548
2023-03-03,5814,107294,0,0,374.64,177.36,0,0,65,1200,85548
2023-03-04,4615,105603,0,0,393.84,181.88,0,0,60,1200,85548
2023-03-05,3782,94182,0,0,318.05,174.83,0,0,71,1200,85548
2023-03-06,4549,90198,0,0,375.01,165.32,0,0,65,1200,85548
2023-03-07,4327,86706,0,0,403.81,171.8,0,0,64,1200,85548
2023-03-08,3956,91408,0,0,353.2,169.15,0,0,71,1200,85548
2023-03-09,4052,94334,0,0,372.8,161.95,0,0,62,1200,85548
2023-03-10,4171,87001,0,0,378.26,171.79,0,0,69,1200,85548
2023-03-11,4184,83692,0,0,354.09,167.4,0,0,63,1200,85548
2023-03-12,4007,79807,0,0,341.86,167.36,0,0,52,1200,85548
2023-03-13,4387,87004,0,0,371.81,165.53,0,0,73,1200,85548
2023-03-14,5919,82253,0,0,461.1,171.5,0,0,69,1200,85548
2023-03-15,6452,79049,0,0,615.88,167.07,0,0,80,1200,85548
2023-03-16,5798,71533,0,0,595.05,167.81,0,0,67,1200,85548
2023-03-17,6322,77512,0,0,544.22,169.08,0,0,68,1200,85548
2023-03-18,5858,72222,0,0,533.4,174.67,0,0,79,1200,85548
2023-03-19,5848,74020,0,0,507.38,168.62,0,0,66,1200,85548
2023-03-20,5996,72405,0,0,557.24,174.37,0,0,107,1200,85548
2023-03-21,6136,77470,0,0,574.91,180.5,0,0,101,1200,85548
2023-03-22,6240,82858,0,0,607.4,170.27,0,0,100,1200,85548
2023-03-23,7183,78514,0,0,528.36,168.2,0,0,76,1200,85548
2023-03-24,6508,72026,0,0,478.74,183.95,0,0,84,1200,85548
2023-03-25,6955,45623,0,0,549.41,115.2,0,0,75,1200,85548
2023-03-26,6777,24899,0,0,535.82,77.85,0,0,82,1200,85548
2023-03-27,6752,16561,0,0,585.13,35.87,0,0,122,1200,85548
2023-03-28,6297,16605,0,0,532.4,36.5,0,0,114,1200,85548
2023-03-29,6304,21742,0,0,528.1,35.2,0,0,104,1200,85548
2023-03-30,5919,23785,0,0,428.12,36.46,0,0,97,1200,85548
2023-03-31,6152,21568,0,0,428.98,35.05,0,0,72,1200,85548
2023-04-01,5990,20629,0,0,327.6,37.46,0,0,84,1200,85548
2023-04-02,5892,9516,0,0,350.16,17.61,0,0,96,1200,85548
2023-04-03,10246,432,0,0,365.39,5.36,0,0,116,1200,85548
2023-04-04,7081,502,0,0,347.85,6.27,0,0,134,1200,85548
2023-04-05,5945,453,0,0,443.85,5.92,0,0,134,1200,85548
2023-04-06,5828,516,0,0,423.05,5.11,0,0,105,1200,85548
2023-04-07,61648,534,0,0,703.72,4.91,0,0,97,1200,85548
2023-04-08,28284,476,0,0,613.35,6.96,0,0,106,1200,85548
2023-04-09,7005,343,0,0,389.17,4.95,0,0,89,1200,85548
2023-04-10,6224,510,0,0,440.87,12.87,0,0,126,1200,85548
2023-04-11,6039,1548,0,0,411.16,46.32,0,0,143,1200,85548
2023-04-12,6731,791,0,0,422.94,11.12,0,0,137,1200,85548
2023-04-13,5828,230,0,0,364.52,3.3,0,0,146,1200,85548
2023-04-14,7666,665,0,0,467.4,8.28,0,0,117,1200,85548
2023-04-15,6754,256,0,0,540.72,4.56,0,0,111,1200,85548
2023-04-16,5526,241,0,0,423.09,5.39,0,0,131,1200,85548
2023-04-17,6412,278,0,0,401.14,4.31,0,0,179,1200,85548
2023-04-18,5633,335,0,0,421.71,5.74,0,0,136,1200,85548
2023-04-19,6129,342,0,0,443.09,4.68,0,0,124,1200,85548
2023-04-20,5774,413,0,0,367.88,5.31,0,0,103,1200,85548
2023-04-21,5612,613,0,0,457.88,5.53,0,0,85,1200,85548
2023-04-22,6908,530,0,0,444.76,5.18,0,0,104,1200,85548
2023-04-23,5530,378,0,0,484.88,3.47,0,0,98,1200,85548
2023-04-24,6179,624,0,0,423.1,5.19,0,0,126,1200,85548
2023-04-25,5096,706,0,0,398.94,6.58,0,0,147,1200,85548
2023-04-26,5101,565,0,0,330.9,4.96,0,0,96,1200,85548
2023-04-27,4558,550,0,0,315.26,4.56,0,0,106,1200,85548
2023-04-28,4298,604,0,0,294.74,5.61,0,0,92,1200,85548
2023-04-29,4813,629,0,0,365.83,5.7,0,0,76,1200,85548
2023-04-30,4069,496,0,0,346.34,5.05,0,0,86,1200,85548
2023-05-01,4620,472,0,0,307.49,7.42,0,0,108,1200,85548
2023-05-02,4651,279,0,0,294.7,3.99,0,0,111,1200,85548
2023-05-03,5527,374,0,0,345.92,3.51,0,0,96,1200,85548
2023-05-04,4839,17808,0,0,301.45,74.62,0,0,71,1200,85548
2023-05-05,4326,181131,0,0,322.83,151.74,0,0,62,1200,85548
2023-05-06,3978,203101,0,0,253.91,163.5,0,0,51,1200,85548
2023-05-07,4259,70912,0,0,352.58,168.14,0,0,60,1200,85548
2023-05-08,3585,76971,0,0,262.5,160.73,0,0,72,1200,85548
2023-05-09,3296,130366,0,0,279.14,147.96,0,0,83,1200,85548
2023-05-10,3618,120657,0,0,245.24,131,0,0,53,1200,85548
2023-05-11,3698,27251,0,0,280.42,146.75,0,0,47,1200,85548
2023-05-12,4016,24100,0,0,254.21,161.21,0,0,39,1200,85548
2023-05-13,14919,30143,0,0,394.34,156.39,0,0,37,1200,85548
2023-05-14,9362,30551,0,0,270.1,154.87,0,0,31,1200,85548
2023-05-15,14305,28121,0,0,301.98,136.56,0,0,43,1200,85548
2023-05-16,20373,29596,0,0,320.15,158.94,0,0,61,1200,85548
2023-05-17,16462,26797,0,0,365.67,147.69,0,0,45,1200,85548
2023-05-18,13251,28520,0,0,270.84,150.71,0,0,59,1200,85548
2023-05-19,11697,28324,0,0,326.19,157.56,0,0,32,1200,85548
2023-05-20,16331,29154,0,0,255.25,154.79,0,0,34,1200,85548
2023-05-21,8010,31334,0,0,351.45,146.84,0,0,28,1200,85548
2023-05-22,6391,29561,0,0,293.33,155.25,0,0,49,1200,85548
2023-05-23,13585,28044,0,0,336.06,149,0,0,53,1200,85548
2023-05-24,15100,30324,0,0,320.85,168.69,0,0,44,1200,85548
2023-05-25,20314,31604,0,0,329.32,135.18,0,0,32,1200,85548
2023-05-26,18291,38195,0,0,264.73,136.86,0,0,36,1200,85548
2023-05-27,10329,42173,0,0,392.47,152.41,0,0,24,1200,85548
2023-05-28,12220,44858,0,0,306.68,147.87,0,0,25,1200,85548
2023-05-29,13496,44365,0,0,297.54,143.13,0,0,24,1200,85548
2023-05-30,15133,48708,0,0,315.32,143.76,0,0,29,1200,85548
2023-05-31,10992,45881,0,0,236.53,143.28,0,0,38,1200,85548
2023-06-01,18313,46449,0,0,422.17,153.56,0,0,35,1200,85548
2023-06-02,18267,50260,0,0,493.92,146.66,0,0,34,1200,85548
2023-06-03,18566,58195,0,0,515.68,147.58,0,0,29,1200,85548
2023-06-04,15556,60156,0,0,461.69,155.43,0,0,41,1200,85548
2023-06-05,14133,40235,0,0,480.09,128.16,0,0,33,1200,85548
2023-06-06,16624,44105,0,0,424.51,147.22,0,0,31,1200,85548
2023-06-07,6806,38010,0,0,514.57,146.8,0,0,27,1200,85548
2023-06-08,14677,35851,0,0,421.45,147.29,0,0,32,1200,85548
2023-06-09,7988,36777,0,0,442.76,150.89,0,0,28,1200,85548
2023-06-10,11172,37137,0,0,492.44,143.65,0,0,17,1200,85548
2023-06-11,19253,38273,0,0,513.03,152.69,0,0,37,1200,85548
2023-06-12,14307,37534,0,0,600.15,140.97,0,0,23,1200,85548
2023-06-13,15553,37690,0,0,468.64,150.52,0,0,39,1200,85548
2023-06-14,18433,38040,0,0,551,146.3,0,0,24,1200,85548
2023-06-15,16278,40554,0,0,482.34,151.43,0,0,29,1200,85548
2023-06-16,17801,43542,0,0,449.59,152.68,0,0,29,1200,85548
2023-06-17,66434,42765,0,0,515.82,139.72,0,0,27,1200,85548
2023-06-18,118874,43821,0,0,558.18,147.94,0,0,35,1200,85548
2023-06-19,57762,44926,0,0,462.56,149.46,0,0,22,1200,85548
2023-06-20,21024,41037,0,0,522.81,149.56,0,0,31,1200,85548
2023-06-21,31710,38678,0,0,536.9,139.41,0,0,27,1200,85548
2023-06-22,22952,39415,0,0,567.13,130.54,0,0,34,1200,85548
2023-06-23,27215,38208,0,0,579.07,160.98,0,0,21,1200,85548
2023-06-24,33110,43364,0,0,499.17,154.24,0,0,24,1200,85548
2023-06-25,23424,38295,0,0,543.69,152.13,0,0,24,1200,85548
2023-06-26,20889,35732,0,0,472.7,129.78,0,0,45,1200,85548
2023-06-27,23259,39742,0,0,534.87,155.53,0,0,23,1200,85548
2023-06-28,22948,26499,0,0,519.25,119.14,0,0,31,1200,85548
2023-06-29,25671,0,0,0,533.76,0,0,0,35,1200,85548
2023-06-30,23367,0,0,0,500.48,0,0,0,30,1200,85548
2023-07-01,24934,0,0,0,574.95,0,0,0,26,1200,85548
2023-07-02,26494,0,0,0,502.23,0,0,0,24,1200,85548
2023-07-03,22153,0,0,0,537.82,0,0,0,31,1200,85548
2023-07-04,26710,0,0,0,597.08,0,0,0,24,1200,85548
2023-07-05,29460,0,0,0,718.04,0,0,0,30,1200,85548
2023-07-06,29505,0,0,0,620.42,0,0,0,23,1200,85548
2023-07-07,19227,0,0,0,512.5,0,0,0,25,1200,85548
2023-07-08,19949,0,0,0,589.86,0,0,0,17,1200,85548
2023-07-09,18739,0,0,0,534.35,0,0,0,27,1200,85548
2023-07-10,17843,0,0,0,627.21,0,0,0,45,1200,85548
2023-07-11,16548,0,0,0,525.37,0,0,0,28,1200,85548
2023-07-12,17341,0,0,0,534.75,0,0,0,29,1200,85548
2023-07-13,16097,0,0,0,518.57,0,0,0,38,1200,85548
2023-07-14,17222,0,0,0,543.12,0,0,0,38,1200,85548
2023-07-15,16433,0,0,0,548.58,0,0,0,20,1200,85548
2023-07-16,16957,0,0,0,517.68,0,0,0,31,1200,85548
2023-07-17,15566,0,0,0,550.42,0,0,0,21,1200,85548
2023-07-18,16354,0,0,0,550.78,0,0,0,38,1200,85548
2023-07-19,14713,0,0,0,484.06,0,0,0,33,1200,85548
2023-07-20,16306,0,0,0,616.22,0,0,0,30,1200,85548
2023-07-21,15219,0,0,0,550.54,0,0,0,29,1200,85548
2023-07-22,13684,0,0,0,701.66,0,0,0,20,1200,85548
2023-07-23,10040,0,0,0,644.17,0,0,0,16,1200,85548
2023-07-24,7781,0,0,0,649.72,0,0,0,28,1200,85548
2023-07-25,9088,0,0,0,600.65,0,0,0,21,1200,85548
2023-07-26,9779,0,0,0,580.65,0,0,0,19,1200,85548
2023-07-27,8112,0,0,0,465.56,0,0,0,24,1200,85548
2023-07-28,9604,0,0,0,693.4,0,0,0,22,1200,85548
2023-07-29,17214,0,0,0,649.23,0,0,0,31,1200,85548
2023-07-30,18462,0,0,0,716.64,0,0,0,26,1200,85548
2023-07-31,19938,0,0,0,701.38,0,0,0,32,1200,85548
2023-08-01,15080,0,0,0,577.35,0,0,0,21,1200,85548
2023-08-02,16321,0,0,4485,594.78,0,0,11.74,35,1200,85548
2023-08-03,17207,0,0,7538,603.09,0,0,19.32,19,1200,85548
2023-08-04,20203,0,0,7737,646,0,0,19.32,26,1200,85548
2023-08-05,20261,0,0,8647,528.39,0,0,19.33,21,1200,85548
2023-08-06,20464,0,0,9179,636.24,0,0,20.65,19,1200,85548
2023-08-07,17051,0,0,8167,654.5,0,0,20.61,33,1200,85548
2023-08-08,16283,0,0,8517,625.66,0,0,20.21,37,1200,85548
2023-08-09,14041,0,0,7512,522.95,0,0,19.87,33,1200,85548
2023-08-10,6976,0,0,7204,456.27,0,0,19.7,33,1200,85548
2023-08-11,10739,0,0,7033,514.83,0,0,19.42,19,1200,85548
2023-08-12,14743,0,0,7252,517.7,0,0,19.54,23,1200,85548
2023-08-13,13010,0,0,7736,588.08,0,0,20.99,24,1200,85548
2023-08-14,11894,0,0,7096,567,0,0,20.48,38,1200,85548
2023-08-15,9106,0,0,6655,551.39,0,0,20.12,19,1200,85548
2023-08-16,11984,0,0,6281,501.88,0,0,19.55,22,1200,85548
2023-08-17,11002,0,0,6527,531.08,0,0,19.75,36,1200,85548
2023-08-18,12370,0,0,7218,461.48,0,0,19.47,23,1200,85548
2023-08-19,12179,0,0,7482,641.64,0,0,19.64,24,1200,85548
2023-08-20,16107,0,0,7956,649.19,0,0,21.03,20,1200,85548
2023-08-21,14108,0,0,7493,574.64,0,0,20.33,26,1200,85548
2023-08-22,11100,0,0,6144,519.25,0,0,20.14,34,1200,85548
2023-08-23,13827,0,0,6287,516.2,0,0,19.87,31,1200,85548
2023-08-24,11960,0,0,6809,436.01,0,0,19.88,30,1200,85548
2023-08-25,14877,0,0,6812,488.86,0,0,19.18,28,1200,85548
2023-08-26,21169,0,0,6875,634.77,0,0,19.57,41,1200,85548
2023-08-27,22617,0,0,7677,584.36,0,0,21,23,1200,85548
2023-08-28,18415,0,0,7433,572.4,0,0,20.51,30,1200,85548
2023-08-29,10608,0,0,6854,571.23,0,0,20.08,38,1200,85548
2023-08-30,11333,0,0,6808,636.35,0,0,19.88,35,1200,85548
2023-08-31,19763,0,0,6743,596.72,0,0,19.76,28,1200,85548
2023-09-01,9265,0,0,19423,230.17,0,0,60.83,21,1200,85548
2023-09-02,12036,0,0,22159,208.78,0,0,76.73,25,1200,85548
2023-09-03,10521,0,0,25500,209.05,0,0,87.27,33,1200,85548
2023-09-04,10226,0,0,25446,249.73,0,0,84.96,21,1200,85548
2023-09-05,9894,0,0,25401,221.37,0,0,83.46,35,1200,85548
2023-09-06,5957,0,0,24064,266.15,0,0,82.68,30,1200,85548
2023-09-07,4488,0,0,21709,204.3,0,0,81.89,24,1200,85548
2023-09-08,9492,0,0,19679,228.64,0,0,80.07,30,1200,85548
2023-09-09,6589,0,0,20735,244.18,0,0,80.67,37,1200,85548
2023-09-10,11940,0,0,23067,230.37,0,0,87.22,40,1200,85548
2023-09-11,11407,0,0,21920,227.72,0,0,84.95,45,1200,85548
2023-09-12,11257,0,0,21982,227.14,0,0,83.52,30,1200,85548
2023-09-13,9834,0,0,22175,210.62,0,0,82.48,39,1200,85548
2023-09-14,10201,0,0,22064,201.55,0,0,81.82,35,1200,85548
2023-09-15,11351,0,0,21496,218.74,0,0,79.98,25,1200,85548
2023-09-16,15215,0,0,23113,226.22,0,0,81.03,22,1200,85548
2023-09-17,15669,0,0,25986,233.29,0,0,87.21,32,1200,85548
2023-09-18,8573,0,0,6043,216.08,0,0,20.07,41,1200,85548
2023-09-19,11003,0,0,0,215.01,0,0,0,35,1200,85548
2023-09-20,11192,0,0,0,217.53,0,0,0,38,1200,85548
2023-09-21,12042,0,0,0,220.81,0,0,0,36,1200,85548
2023-09-22,12470,0,0,0,229.75,0,0,0,30,1200,85548
2023-09-23,11587,0,0,0,203.57,0,0,0,31,1200,85548
2023-09-24,13380,0,0,0,191.01,0,0,0,31,1200,85548
2023-09-25,12888,0,0,0,216.34,0,0,0,39,1200,85548
2023-09-26,13616,0,0,0,217.06,0,0,0,30,1200,85548
2023-09-27,13075,0,0,0,245.91,0,0,0,35,1200,85548
2023-09-28,9767,0,0,0,221.86,0,0,0,26,1200,85548
2023-09-29,8332,0,0,0,207.15,0,0,0,33,1200,85548
2023-09-30,7977,0,0,0,141.14,0,0,0,33,1200,85548
2023-10-01,12571,0,0,0,238.04,0,0,0,43,1200,85548
2023-10-02,9699,0,0,0,205.53,0,0,0,46,1200,85548
2023-10-03,10496,0,0,0,195,0,0,0,34,1200,85548
2023-10-04,16069,0,0,0,298.12,0,0,0,31,1200,85548
2023-10-05,27172,0,0,0,462.7,0,0,0,45,1200,85548
2023-10-06,21161,0,0,0,304.17,0,0,0,16,1200,85548
2023-10-07,26800,0,0,0,481.3,0,0,0,27,1200,85548
2023-10-08,27322,0,0,0,400.76,0,0,0,28,1200,85548
2023-10-09,23711,0,0,0,408.82,0,0,0,31,1200,85548
2023-10-10,21218,0,0,0,388.37,0,0,0,29,1200,85548
2023-10-11,21660,0,0,0,409.47,0,0,0,39,1200,85548
2023-10-12,22393,0,0,0,385.71,0,0,0,20,1200,85548
2023-10-13,24085,0,0,0,425.88,0,0,0,32,1200,85548
2023-10-14,27721,0,0,0,418.28,0,0,0,28,1200,85548
2023-10-15,27167,0,0,0,407.6,0,0,0,27,1200,85548
2023-10-16,23785,0,0,0,399.49,0,0,0,33,1200,85548
2023-10-17,25068,0,0,0,392.75,0,0,0,26,1200,85548
2023-10-18,23946,0,0,0,367.85,0,0,0,31,1200,85548
2023-10-19,25275,0,0,0,367.78,0,0,0,34,1200,85548
2023-10-20,19861,0,0,0,288,0,0,0,33,1200,85548
2023-10-21,18688,0,0,0,333.79,0,0,0,16,1200,85548
2023-10-22,21259,0,0,0,355.31,0,0,0,22,1200,85548
2023-10-23,16270,0,0,0,276.77,0,0,0,34,1200,85548
2023-10-24,12555,0,0,0,335.06,0,0,0,30,1200,85548
2023-10-25,11843,0,0,0,305.4,0,0,0,31,1200,85548
2023-10-26,14853,0,0,0,359.3,0,0,0,19,1200,85548
2023-10-27,12937,0,0,0,293.03,0,0,0,34,1200,85548
2023-10-28,15852,0,0,0,322.83,0,0,0,22,1200,85548
2023-10-29,11061,0,0,0,291.64,0,0,0,22,1200,85548
2023-10-30,9851,0,0,0,304.59,0,0,0,29,1200,85548
2023-10-31,7028,0,0,0,190.22,0,0,0,18,1200,85548
2023-11-01,10995,0,0,0,340.01,0,0,0,26,1200,85548
2023-11-02,10636,0,0,0,288.25,0,0,0,26,1200,85548
2023-11-03,12382,0,0,0,262.53,0,0,0,14,1200,85548
2023-11-04,13735,0,0,0,397.77,0,0,0,22,1200,85548
2023-11-05,13827,0,0,0,368.64,0,0,0,17,1200,85548
2023-11-06,10169,0,0,0,324.16,0,0,0,22,1200,85548
2023-11-07,11227,0,0,0,340.08,0,0,0,22,1200,85548
2023-11-08,12257,0,0,11725,305.55,0,0,21.34,24,1200,85548
2023-11-09,11706,0,0,14924,277.02,0,0,28.08,24,1200,85548
2023-11-10,12876,0,0,16468,323.62,0,0,28.29,27,1200,85548
2023-11-11,13186,0,0,18238,318.01,0,0,29.72,19,1200,85548
2023-11-12,12385,0,0,19791,307.45,0,0,31.12,27,1200,85548
2023-11-13,7916,0,0,18942,220.96,0,0,30.01,28,1200,85548
2023-11-14,10250,0,0,17850,249.65,0,0,29.26,25,1200,85548
2023-11-15,6344,0,0,19879,203.35,0,0,34.86,26,1200,85548
2023-11-16,8000,0,0,19984,260.89,0,0,37.04,0,0,85548
2023-11-17,6890,0,0,19622,242.67,0,0,37.58,0,0,85548
2023-11-18,8697,0,0,21097,256.12,0,0,40.82,0,0,85548
2023-11-19,8482,0,0,22688,249.08,0,0,41.52,0,0,85548
2023-11-20,3886,0,0,21558,224.6,0,0,39.45,1,1200,85548
2023-11-21,5831,0,0,20490,201.74,0,0,38.18,0,0,85548
2023-11-22,6957,0,0,19158,216.14,0,0,38.58,1,1200,85548
2023-11-23,8232,0,0,19990,229.58,0,0,40.13,0,0,85548
2023-11-24,7934,0,0,18995,245.81,0,0,39.17,0,0,85548
2023-11-25,7527,0,0,21373,235.47,0,0,42.94,0,0,85548
2023-11-26,8413,0,0,21637,251.88,0,0,41.31,0,0,85548
2023-11-27,4551,0,0,19370,221.27,0,0,38.85,0,0,85548
2023-11-28,5728,0,0,21234,210.36,0,0,39.74,0,0,85548
2023-11-29,8313,0,0,21936,175.67,0,0,39.57,1,1200,85548
2023-11-30,8895,0,0,22064,188.77,0,0,38.64,0,1200,85548
2023-12-01,7960,0,0,25015,181.86,0,0,39.11,0,1200,85548
2023-12-02,6254,0,0,26409,136.21,0,0,41.79,1,1200,85548
2023-12-03,8642,0,0,26513,178.5,0,0,40.4,0,0,85548
2023-12-04,7426,0,0,26600,145.52,0,0,39.77,1,1200,85548
2023-12-05,8581,0,0,24321,172.39,0,0,39.53,0,0,85548
2023-12-06,7599,0,0,23591,152.12,0,0,38.79,0,0,85548
2023-12-07,6273,0,0,23189,172.86,0,0,39.9,0,0,85548
2023-12-08,5917,0,0,26968,169.41,0,0,48,0,0,85548
2023-12-09,8546,0,0,28034,211.65,0,0,49.11,0,0,85548
2023-12-10,6245,0,0,31184,187.76,0,0,51.17,1,1200,85548
2023-12-11,6032,0,0,30382,179.17,0,0,50.49,0,0,85548
2023-12-12,6642,0,0,27428,171.44,0,0,48.98,9,1200,85548
2023-12-13,8059,0,0,26562,185.24,0,0,48.46,33,1200,85548
2023-12-14,7680,0,0,26259,191.64,0,0,48.59,1,1200,85548
2023-12-15,6206,0,0,26364,176.38,0,0,49.92,0,0,85548
2023-12-16,6462,0,0,27694,166.25,0,0,51.73,1,1200,85548
2023-12-17,7374,0,0,29812,191.31,0,0,51.25,1,1200,85548
2023-12-18,6915,0,0,29740,173.26,0,0,50.15,0,0,85548
2023-12-19,5865,0,0,28713,167.01,0,0,48.96,1,1200,85548
2023-12-20,6769,0,0,28621,197.49,0,0,48.8,1,1200,85548
2023-12-21,7019,0,0,28780,181.42,0,0,48.91,0,0,85548
2023-12-22,7838,0,0,29073,153.78,0,0,49.48,0,0,85548
2023-12-23,7405,0,0,31434,196.68,0,0,51.46,0,0,85548
2023-12-24,6694,0,0,33810,155.6,0,0,52.04,0,0,85548
2023-12-25,7238,0,0,38969,185.94,0,0,50.09,0,0,85548
2023-12-26,9289,0,0,39766,184.77,0,0,48.99,1,1200,85548
2023-12-27,7973,0,0,37920,174.98,0,0,48.46,1,1200,85548
2023-12-28,7978,0,0,38066,169.85,0,0,48.87,2,1200,85548
2023-12-29,6667,0,0,38661,147.83,0,0,49.74,2,1200,85548
2023-12-30,7853,0,0,41923,175.37,0,0,51.14,0,0,85548
2023-12-31,5891,0,0,49083,123.93,0,0,52.19,0,0,85548
2024-01-01,7423,0,0,69253,181.05,0,0,50.18,0,0,85548
2024-01-02,7159,0,0,61572,188,0,0,49.34,1,1200,85548
2024-01-03,7478,0,0,55800,171.61,0,0,48.63,2,1200,85548
2024-01-04,6526,0,0,54339,169.27,0,0,48.9,1,1200,85548
2024-01-05,14392,0,0,221450,485.74,0,0,215.85,2,1200,85548
2024-01-06,21703,0,0,324574,567.97,0,0,290.25,1,1200,85548
2024-01-07,14882,0,0,399128,454,0,0,329.88,2,1200,85548
2024-01-08,17621,0,0,364330,553.44,0,0,323.5,2,1200,85548
2024-01-09,13360,0,0,339315,534.61,0,0,316.61,3,1200,85548
2024-01-10,17727,0,0,308313,555.57,0,0,311.83,1,1200,85548
2024-01-11,19582,0,0,293726,493.91,0,0,313.2,2,1200,85548
2024-01-12,16667,0,0,295120,536.29,0,0,317.71,1,1200,85548
2024-01-13,19466,0,0,311600,612.5,0,0,324.99,1,1200,85548
2024-01-14,17564,0,0,343811,508.35,0,0,331.43,2,1200,85548
2024-01-15,17990,0,0,341767,488.83,0,0,324.59,1,1200,85548
2024-01-16,16641,0,0,325114,500.51,0,0,318.83,1,1200,85548
2024-01-17,16648,0,0,285612,503.86,0,0,312.69,1,1200,85548
2024-01-18,16464,0,0,273392,472.84,0,0,313.26,1,1200,85548
2024-01-19,16697,0,0,254133,496.78,0,0,315.12,1,1200,85548
2024-01-20,17857,0,0,266283,587.84,0,0,321.2,2,1200,85548
2024-01-21,17713,0,0,307502,506.56,0,0,331.85,3,1200,85548
2024-01-22,14818,0,0,292680,473.66,0,0,324.49,0,0,85548
2024-01-23,15837,0,0,271807,463.91,0,0,318.82,1,1200,85548
2024-01-24,21657,0,0,260866,529.62,0,0,311.64,0,0,85548
2024-01-25,27235,0,0,251288,472.19,0,0,312.5,1,1200,85548
2024-01-26,25662,0,0,247200,500.64,0,0,315.89,3,1200,85548
2024-01-27,31710,0,0,262988,488.1,0,0,322.36,1,1200,85548
2024-01-28,25321,0,0,300894,469.98,0,0,347.33,0,0,85548
2024-01-29,20630,0,0,274674,456.35,0,0,321,0,0,85548
2024-01-30,22229,0,0,261637,463.01,0,0,316.15,2,1200,85548
2024-01-31,19362,0,0,257642,402.16,0,0,309.74,1,1200,85548
2024-02-01,25270,0,0,268703,562.15,0,0,309.43,1,1200,85548
2024-02-02,25912,0,0,244925,485.58,0,0,305.25,2,1200,85548
2024-02-03,31820,0,0,267694,561.41,0,0,328,4,1200,85548
2024-02-04,32046,0,0,291560,613.53,0,0,331.32,2,1200,85548
2024-02-05,18920,0,0,278463,396.42,0,0,324.17,3,1200,85548
2024-02-06,24487,0,0,110307,357.61,0,0,125.76,3,1200,85548
2024-02-07,22368,0,0,57704,346.99,0,0,66.46,13,1200,85548
2024-02-08,24757,0,0,53366,560.12,0,0,66.86,8,1200,85548
2024-02-09,29583,0,0,52574,532.85,0,0,67.79,2,1200,85548
2024-02-10,30501,0,0,54499,518.47,0,0,69.64,2,1200,85548
2024-02-11,27218,0,0,58982,416.53,0,0,72.51,0,0,85548
2024-02-12,22448,0,0,57042,447.99,0,0,71.9,2,1200,85548
2024-02-13,21072,0,0,55728,413.27,0,0,68.98,4,1200,85548
2024-02-14,20388,0,0,52580,408.34,0,0,68.81,0,1200,85548
2024-02-15,26943,0,0,54818,442.7,0,0,67.19,4,1200,85548
2024-02-16,23223,0,0,54718,398.99,0,0,68.84,2,1200,85548
2024-02-17,25459,0,0,57513,395.12,0,0,70.71,1,1200,85548
2024-02-18,28314,0,0,61076,403.51,0,0,72.33,3,1200,85548
2024-02-19,25935,0,0,58861,440.49,0,0,70.5,1,1200,85548
2024-02-20,27943,0,0,55899,546.3,0,0,69.45,5,1200,85548
2024-02-21,26255,0,0,52620,502.34,0,0,68.26,3,1200,85548
2024-02-22,27101,0,0,51821,439.78,0,0,68.21,2,1200,85548
2024-02-23,27431,0,0,51970,474.58,0,0,69.31,1,1200,85548
2024-02-24,32545,0,0,53788,530.6,0,0,71.03,5,1200,85548
2024-02-25,30937,0,0,57577,484.8,0,0,72.21,5,1200,85548
2024-02-26,26839,0,0,56520,426.35,0,0,71.46,3,1200,102960
2024-02-27,25289,0,0,54045,396.39,0,0,69.4,3,1200,94401
2024-02-28,24092,0,0,52551,394.47,0,0,68.32,5,1200,98757
2024-02-29,22762,57428,11167,51477,367.82,356.13,427.75,68.51,2,1200,97062
2024-03-01,27969,58639,10668,55080,398.29,358.47,406.96,68.83,4,1200,101224
2024-03-02,33951,57437,10374,56376,572.91,359.07,402.6,70.81,1,1200,119874
2024-03-03,36560,57742,10960,59840,538.46,359.43,461.74,72.86,1,1200,104339
2024-03-04,26474,56565,12845,57691,425.73,352.07,522.49,71.44,3,1200,108527
2024-03-05,27521,53994,13400,53271,376.49,335.05,523.5,69.64,3,1200,103829
2024-03-06,28603,56789,13584,54116,419.56,357.25,516.3,68.35,2,1200,105779
2024-03-07,29626,56549,13248,54979,415.33,357.34,510.87,68.05,2,1200,102113
2024-03-08,30661,62076,13075,55583,418.04,388.96,529.62,68.56,1,1200,97287
2024-03-09,36635,61311,12655,58163,530.19,385.72,487.59,70.12,1,1200,119453
2024-03-10,35650,64538,12135,63005,485.2,404.12,468.09,73.65,3,1200,94009
2024-03-11,28743,63948,12429,58314,449.2,398.25,476.97,71.59,4,1200,106289
2024-03-12,32499,55558,13550,54233,423.38,351.89,513.12,69.7,0,0,109596
2024-03-13,31989,58087,12421,50477,467.34,358.08,468.73,68.46,3,1200,110173
2024-03-14,33721,57744,12550,47848,492.85,352.56,469.9,67.68,2,1200,106203
2024-03-15,29578,57993,12275,47668,347.78,354.12,461.58,68.21,2,1200,111599
2024-03-16,31919,59003,12488,48911,437.31,353.07,472.63,70.36,3,1200,123890
2024-03-17,29509,59143,12042,53670,442.52,354.2,476.2,73.23,2,1200,107536
2024-03-18,27093,57564,11887,52656,434.85,351.56,458.08,71.12,4,1200,118875
2024-03-19,24344,56557,11929,47780,375.6,350.28,457.16,69.4,5,1200,113494
2024-03-20,26763,57100,11825,45026,505.17,353.19,459.94,68.18,3,1200,111685
2024-03-21,25149,57480,12214,44515,377.03,354.41,460.14,67.97,18,1200,109067
2024-03-22,25329,56413,10246,46304,397.69,348.92,373.37,68.98,2,1200,112275
2024-03-23,24484,57213,12577,48291,472.89,353.45,475.58,70.64,3,1200,137398
2024-03-24,26703,57014,11701,51696,401.77,353.34,432.99,72.84,3,1200,125100
2024-03-25,22643,48581,13726,50509,404.31,304.29,530,70.48,0,0,126781
2024-03-26,22173,54181,13996,47865,379.26,336.26,542.38,69.1,3,1200,118852
2024-03-27,23104,49958,12869,45936,376.46,308.94,496.48,67.99,0,0,122698
2024-03-28,22266,52882,13164,44234,389.19,329.1,519.14,67.94,6,1200,118740
2024-03-29,26054,47047,12421,44971,353.69,294.58,481.71,69.03,3,1200,124319
2024-03-30,30899,63218,11259,47852,365.31,388.19,436.99,72.14,3,1200,123889
2024-03-31,24323,87615,7679,53512,331.34,531.26,288.47,72.81,1,1200,80724
2024-04-01,27330,45586,8773,59643,463.27,275.33,339.4,71,5,1200,103978
2024-04-02,28269,46066,7738,54952,457.79,277.85,303.43,69.16,4,1200,96124
2024-04-03,26772,46012,7917,49696,381.43,277.67,309.41,66.62,4,1200,97622
2024-04-04,23802,45639,9807,31460,313.11,276.82,436.02,42.7,12,1200,91616
2024-04-05,33648,46170,8427,21438,567.11,277.83,336.72,29.06,2,1200,119666
2024-04-06,29616,46032,8681,22857,395.29,278.1,364.65,30.81,4,1200,149227
2024-04-07,31376,46056,8370,24226,381.97,277.88,342,30.98,3,1200,133586
2024-04-08,28403,46007,7932,23429,402.93,277.29,307.93,30.11,20,1200,144705
2024-04-09,29542,45911,7321,22629,563.08,277.86,274.4,29.61,5,1200,144947
2024-04-10,31557,46020,8511,22875,509.53,277.61,335.7,29.24,9,1200,143398
2024-04-11,30816,45915,8195,22602,451.35,277.64,322.75,28.8,6,1200,146717
2024-04-12,29959,45767,8627,22366,437.46,277.73,348.58,29.39,6,1200,145617
2024-04-13,30389,46087,9035,24105,398.1,277.95,347.94,31.57,2,1200,166554
2024-04-14,27488,45883,8356,24394,415.73,277.98,347.74,30.76,2,1200,140429
2024-04-15,26803,45991,8668,23606,351.3,277.48,336.57,30.19,0,0,151993
2024-04-16,32750,46748,8118,21560,413.28,277.67,335.26,28.64,20,1200,144868
2024-04-17,28961,46800,8474,21883,397.83,276.97,334.59,29.57,8,1200,148764
2024-04-18,30301,46419,8561,21729,386.06,277.94,345.22,29.68,11,1200,144550
2024-04-19,31220,46509,8572,20801,406.79,277.89,353.09,29.85,2,1200,149703
2024-04-20,40741,46161,8555,21943,471.01,277.77,353.7,30.96,10,1200,162698
2024-04-21,33033,46216,8238,23649,418.77,277.89,342.3,31.05,2,1200,141461
2024-04-22,30297,46122,8433,22314,383.08,277.37,362.18,30.3,7,1200,155507
2024-04-23,28633,46313,8365,21611,412.86,277.92,360.32,29.72,3,1200,145908
2024-04-24,33021,44547,8400,20970,412.51,277.45,332.66,29.23,7,1200,148022
2024-04-25,32497,43197,7986,21020,332.76,277.03,329.46,29.33,26,1200,137387
2024-04-26,35808,43315,7624,20986,413.42,276.73,314.46,29.47,1,1200,136560
2024-04-27,40586,43005,8132,22179,407.17,275.99,333.52,30.78,17,1200,152660
2024-04-28,32603,42916,7555,23282,368.7,277.91,294.85,30.88,3,1200,129253
2024-04-29,30547,42221,7466,23080,361.91,273.38,306.68,30.44,3,1200,137344
2024-04-30,27741,39631,7234,22754,389.11,255.61,283.81,29.62,4,1200,126676
2024-05-01,34770,26017,0,23645,413.86,171.91,0,29.02,2,1200,123600
2024-05-02,34070,25913,0,21586,416.58,172.22,0,29.16,37,1200,134148
2024-05-03,27031,26000,0,1563,310.76,172.17,0,1.99,2,1200,129513
2024-05-04,30395,25657,0,0,296.68,172.16,0,0,1,1200,141547
2024-05-05,22453,25776,0,0,301.32,172.38,0,0,3,1200,123081
2024-05-06,21509,26015,0,0,229.53,172.16,0,0,9,1200,127343
2024-05-07,27834,25838,0,0,343.63,172.08,0,0,4,1200,117631
2024-05-08,25464,25795,0,0,289.24,171.82,0,0,3,1200,114734
2024-05-09,26180,25858,0,0,303.6,172.26,0,0,2,1200,114441
2024-05-10,32600,26227,0,0,287.96,171.63,0,0,2,1200,113675
2024-05-11,41314,26079,0,0,394.87,172.23,0,0,2,1200,116936
2024-05-12,37191,25967,0,0,344.13,172.25,0,0,3,1200,93890
2024-05-13,30340,25879,0,0,321.87,172.23,0,0,4,1200,113749
2024-05-14,25954,25784,0,0,263.57,172.12,0,0,4,1200,109767
2024-05-15,24036,25666,0,0,295.37,171.68,0,0,6,1200,106001
2024-05-16,22462,25668,0,0,248.78,172.21,0,0,4,1200,103691
2024-05-17,22955,25590,0,0,248.51,172.06,0,0,5,1200,105469
2024-05-18,25210,25659,0,0,366.39,172.21,0,0,0,0,112752
2024-05-19,30008,25725,0,0,320.1,172.17,0,0,5,1200,97287
2024-05-20,23314,25721,0,0,290.63,172.24,0,0,2,1200,102379
2024-05-21,26810,25556,0,0,289.16,171.94,0,0,4,1200,83966
2024-05-22,30021,25402,0,0,372.75,170.47,0,0,2,1200,76501
2024-05-23,29084,25503,0,0,324.9,172.28,0,0,2,1200,72912
2024-05-24,30303,25517,0,0,309.87,171.61,0,0,5,1200,70761
2024-05-25,37450,25698,0,0,382.1,172.48,0,0,4,1200,62208
2024-05-26,36067,25563,0,0,346.58,171.28,0,0,0,0,37625
2024-05-27,34893,25665,0,0,348.22,172.4,0,0,2,1200,33269
2024-05-28,32756,25384,0,0,348.8,172.2,0,0,1,1200,31595
2024-05-29,27863,25100,0,0,318.45,170.54,0,0,6,1200,33649
2024-05-30,23244,25523,0,0,283,173.16,0,0,4,1200,49422
2024-05-31,31103,25439,0,0,264.5,173.2,0,0,1,1200,47830
2024-06-01,34885,42762,0,0,335.79,277.52,0,0,1,1200,50947
2024-06-02,35168,42022,0,0,317.01,278.03,0,0,3,1200,38537
2024-06-03,36489,41908,0,0,426.12,277.51,0,0,5,1200,42104
2024-06-04,35789,42187,0,0,359.98,277.46,0,0,8,1200,52725
2024-06-05,37266,42062,0,0,365.7,277.62,0,0,4,1200,51178
2024-06-06,36610,41717,0,0,350.38,277.49,0,0,7,1200,48983
2024-06-07,40091,42007,0,0,360.53,278.06,0,0,1,1200,42946
2024-06-08,39314,41901,0,0,401.99,277.48,0,0,7,1200,37560
2024-06-09,41558,41664,0,0,380.13,278.09,0,0,1,1200,29340
2024-06-10,30731,42052,0,0,328.69,277.6,0,0,1,1200,30192
2024-06-11,29066,42189,0,0,302.52,278.02,0,0,1,1200,30241
2024-06-12,28696,42188,0,0,269.58,278.06,0,0,6,1200,28603
2024-06-13,35657,42032,0,0,362.1,277.4,0,0,2,1200,22618
2024-06-14,33279,41755,0,0,411.11,277.87,0,0,2,1200,22528
2024-06-15,35087,41576,0,0,360.63,277.25,0,0,2,1200,30475
2024-06-16,35089,42479,0,0,333.66,278.35,0,0,6,1200,44245
2024-06-17,31214,42359,0,0,313.75,276.93,0,0,5,1200,52242
2024-06-18,31861,42056,0,0,364.32,277.54,0,0,5,1200,52897
2024-06-19,39569,42259,0,0,336.67,278.12,0,0,3,1200,53746
2024-06-20,32286,87167,0,0,309.84,550.49,0,0,7,1200,53531
2024-06-21,33422,86699,0,0,358.41,551.02,0,0,2,1200,48022
2024-06-22,38957,85563,0,0,371.39,548.92,0,0,6,1200,38474
2024-06-23,45366,85583,0,0,350.68,551.59,0,0,4,1200,31528
2024-06-24,35955,85916,0,0,297.07,549.54,0,0,0,0,33373
2024-06-25,30766,86660,0,0,277.06,553.53,0,0,1,1200,30227
2024-06-26,31721,86684,0,0,368.68,551.24,0,0,5,1200,44872
2024-06-27,32990,86084,0,0,296.47,550.98,0,0,3,1200,46577
2024-06-28,27932,85861,0,0,328.35,550.37,0,0,3,1200,49287
2024-06-29,31754,84139,0,0,309.66,543.23,0,0,7,1200,56827
2024-06-30,29126,85590,0,0,299.38,556.29,0,0,1,1200,50561
2024-07-01,36677,0,0,0,345.17,0,0,0,5,1200,58656
2024-07-02,33921,96568,0,0,399.35,616.01,0,0,0,0,62265
2024-07-03,47735,94895,0,0,489.28,610.59,0,0,3,1200,54557
2024-07-04,42501,94621,0,0,426.34,611.36,0,0,1,1200,44227
2024-07-05,38082,94561,0,0,560.59,610.92,0,0,2,1200,54614
2024-07-06,34124,95124,0,0,430.37,611.44,0,0,1,1200,57706
2024-07-07,38386,75670,0,0,660.68,492.54,0,0,4,1200,54719
2024-07-08,29102,75685,0,0,655.42,491.34,0,0,4,1200,58141
2024-07-09,28554,75263,0,0,564.49,492.45,0,0,1,1200,54307
2024-07-10,31691,75451,0,0,595.59,492.47,0,0,1,1200,56630
2024-07-11,27099,75705,0,0,544.6,495.1,0,0,7,1200,53998
2024-07-12,32382,75494,0,0,461.94,491.37,0,0,5,1200,57338
2024-07-13,41364,75921,0,0,628.09,492.46,0,0,4,1200,61868
2024-07-14,36852,75528,0,0,532.14,492.05,0,0,1,1200,56671
2024-07-15,28723,75479,0,0,606.64,490.94,0,0,5,1200,60364
2024-07-16,28808,75980,0,0,500.97,491.45,0,0,11,1200,59889
2024-07-17,29527,75372,0,0,591.9,491.48,0,0,8,1200,60832
2024-07-18,34918,74979,0,0,558.17,493.07,0,0,9,1200,58585
2024-07-19,32823,75074,0,0,516.88,491.52,0,0,6,1200,57304
2024-07-20,34603,74480,0,0,541.87,492.32,0,0,3,1200,67397
2024-07-21,32939,75009,0,0,543.47,496.15,0,0,6,1200,67924
2024-07-22,33949,74220,0,0,589.71,489.68,0,0,12,1200,64269
2024-07-23,28300,74481,0,0,522.32,490.65,0,0,3,1200,62391
2024-07-24,30596,74661,0,0,527.81,490.55,0,0,5,1200,61108
2024-07-25,30462,74050,0,0,542,488.95,0,0,5,1200,60502
2024-07-26,28991,74423,0,0,465.36,488.58,0,0,5,1200,62217
2024-07-27,39823,74071,0,0,575.21,491.3,0,0,4,1200,65811
2024-07-28,38490,73910,0,0,507.4,490.25,0,0,6,1200,58845
2024-07-29,33880,73901,0,0,538.07,487.76,0,0,7,1200,59944
2024-07-30,27218,72689,0,0,479.8,486.65,0,0,7,1200,58405
2024-07-31,24550,72069,0,0,414.89,482.86,0,0,6,1200,58241
2024-08-01,30572,0,0,0,540.37,0,0,0,2,1200,55328
2024-08-02,30617,36939,0,0,499.3,246.01,0,0,4,1200,59087
2024-08-03,31135,36592,0,0,668.2,244.98,0,0,2,1200,51186
2024-08-04,33433,36770,0,0,567.28,245.91,0,0,4,1200,41305
2024-08-05,29226,36641,0,0,519.38,245.28,0,0,5,1200,38402
2024-08-06,23436,42713,0,0,468.83,282.85,0,0,5,1200,39603
2024-08-07,20364,38902,0,0,566.64,258.02,0,0,17,1200,54225
2024-08-08,20917,27088,0,0,572.97,182.48,0,0,8,1200,61687
2024-08-09,18839,27111,0,0,498.79,182.49,0,0,3,1200,64949
2024-08-10,19238,27178,0,0,571.28,183.02,0,0,3,1200,69561
2024-08-11,21445,26832,0,0,603.38,182.29,0,0,8,1200,69950
2024-08-12,21727,26962,0,0,610.63,182.97,0,0,4,1200,77875
2024-08-13,16558,26853,0,0,519.65,183.06,0,0,3,1200,73945
2024-08-14,22349,26805,0,0,607.95,182.48,0,0,4,1200,71801
2024-08-15,19319,26654,0,0,491.77,181.31,0,0,2,1200,69177
2024-08-16,18103,26555,0,0,575.88,183.18,0,0,2,1200,73156
2024-08-17,22651,27080,0,0,619.08,183.16,0,0,4,1200,76063
2024-08-18,17336,27062,0,0,591.03,183.63,0,0,9,1200,72977
2024-08-19,15846,26942,0,0,533.01,183.19,0,0,5,1200,69218
2024-08-20,16779,26873,0,0,526.94,183.26,0,0,7,1200,62666
2024-08-21,15897,26689,0,253,512.2,181.67,0,8.33,5,1200,64916
2024-08-22,14658,26847,0,252,542.82,183.23,0,9.27,7,1200,67481
2024-08-23,12258,26829,0,267,517.69,183.33,0,9.89,5,1200,66044
2024-08-24,17472,26919,0,189,579.79,183.04,0,9.09,8,1200,78254
2024-08-25,17174,26869,0,242,561.13,183.48,0,11.21,5,1200,75380
2024-08-26,15963,26811,0,212,526.33,182.88,0,10.01,10,1200,78763
2024-08-27,15374,26797,0,257,540.21,182.89,0,10.6,6,1200,78111
2024-08-28,17198,27056,0,44,500.74,182.69,0,1.58,5,1200,80567
2024-08-29,15606,26723,0,0,469.65,180.34,0,0,6,1200,78570
2024-08-30,19171,27316,0,0,496.34,184.37,0,0,2,1200,85857
2024-08-31,17150,27238,0,0,512.04,183.21,0,0,8,1200,97185
2024-09-01,20142,25033,0,0,543.55,167.06,0,0,10,1200,89392
2024-09-02,20453,24808,0,0,602.81,166.79,0,0,8,1200,103195
2024-09-03,19127,25075,0,0,575.55,166.71,0,0,5,1200,113286
2024-09-04,18911,13337,0,0,525.61,92.9,0,0,9,1200,120546
2024-09-05,18525,13312,0,0,552.9,92.9,0,0,4,1200,112699
2024-09-06,17537,13329,0,0,444.91,92.67,0,0,8,1200,111890
2024-09-07,23236,13411,0,0,539.12,92.71,0,0,6,1200,121485
2024-09-08,20366,13542,0,0,574.09,92.9,0,0,5,1200,114396
2024-09-09,21396,13436,0,0,510.03,92.64,0,0,4,1200,125095
2024-09-10,16700,13396,0,0,492.06,92.64,0,0,6,1200,122880
2024-09-11,19466,13441,0,0,520.67,92.81,0,0,11,1200,118344
2024-09-12,19186,13429,0,0,472.4,92.72,0,0,8,1200,112771
2024-09-13,21887,13471,0,0,500.34,92.73,0,0,7,1200,110057
2024-09-14,21004,13457,0,0,539.47,92.9,0,0,5,1200,119816
2024-09-15,19432,13453,0,0,566.9,92.98,0,0,9,1200,115452
2024-09-16,14536,13355,0,0,492.72,92.61,0,0,10,1200,119305
2024-09-17,19022,13449,0,0,523.94,92.79,0,0,6,1200,109170
2024-09-18,18679,13189,0,0,516.91,92.51,0,0,11,1200,109560
2024-09-19,21208,13426,0,0,417.98,92.9,0,0,12,1200,109623
2024-09-20,22550,13404,0,0,491.64,92.85,0,0,13,1200,104375
2024-09-21,24669,13415,0,0,508.19,92.81,0,0,15,1200,116915
2024-09-22,26253,13514,0,0,523.79,92.82,0,0,11,1200,103834
2024-09-23,19817,13479,0,0,480.12,92.87,0,0,9,1200,116219
2024-09-24,22738,13380,0,0,495.27,92.75,0,0,5,1200,107359
2024-09-25,19825,13312,0,0,498.43,92.49,0,0,9,1200,100635
2024-09-26,18743,13369,0,0,475.61,92.83,0,0,9,1200,98520
2024-09-27,18293,13352,0,0,485.11,92.86,0,0,7,1200,97313
2024-09-28,22743,13161,0,0,464.06,91.97,0,0,9,1200,105644
2024-09-29,21288,13461,0,0,473.35,93.18,0,0,6,1200,94634
2024-09-30,18883,12564,0,0,379.7,87.83,0,0,7,1200,100550
2024-10-01,22651,24049,0,0,488.56,161.3,0,0,8,1200,104025
2024-10-02,20789,24044,0,0,473.15,161.19,0,0,4,1200,108320
2024-10-03,21148,24293,0,0,472.47,161.33,0,0,11,1200,101127
2024-10-04,18529,15137,0,0,490.6,103.32,0,0,7,1200,101893
2024-10-05,24221,13033,0,0,526.18,89.85,0,0,7,1200,102807
2024-10-06,23086,13091,0,0,449.66,89.92,0,0,10,1200,92853
2024-10-07,19077,12960,0,0,433.97,89.87,0,0,11,1200,101185
2024-10-08,17986,12983,0,0,407.94,89.72,0,0,12,1200,98189
2024-10-09,18080,12917,0,0,512.87,89.69,0,0,5,1200,92409
2024-10-10,23339,12770,0,0,441.15,89.53,0,0,11,1200,89055
2024-10-11,22002,12921,0,0,455.73,89.56,0,0,8,1200,92663
2024-10-12,25488,12963,0,0,457.63,89.6,0,0,12,1200,90376
2024-10-13,19573,12972,0,0,475.7,89.68,0,0,11,1200,80528
2024-10-14,18889,12987,0,0,471.86,89.68,0,0,12,1200,95612
2024-10-15,15737,12844,0,0,449.97,89.53,0,0,13,1200,88042
2024-10-16,12572,12800,0,0,427.63,89.52,0,0,10,1200,88785
2024-10-17,12054,12769,0,0,401.01,89.54,0,0,13,1200,89074
2024-10-18,11591,12816,0,0,354.63,89.58,0,0,13,1200,87031
2024-10-19,12625,12914,0,0,428.94,89.73,0,0,15,1200,92233
2024-10-20,17700,12821,0,0,479.88,89.64,0,0,8,1200,80090
2024-10-21,15859,12801,0,0,472.59,89.6,0,0,17,1200,88739
2024-10-22,14932,12729,0,0,416.98,89.41,0,0,16,1200,86983
2024-10-23,13967,12766,0,0,480.72,89.43,0,0,17,1200,80576
2024-10-24,14236,12729,0,0,379.42,89.44,0,0,19,1200,79840
2024-10-25,16098,12621,0,0,504.39,89.36,0,0,11,1200,79440
2024-10-26,15272,12692,0,0,463.29,89.36,0,0,10,1200,82221
2024-10-27,15059,12737,0,0,450.97,89.49,0,0,21,1200,74405
2024-10-28,12137,12731,0,0,400.18,89.34,0,0,15,1200,83967
2024-10-29,10651,12665,0,0,377.86,89.26,0,0,32,1200,78415
2024-10-30,11978,12730,0,0,411.59,89.59,0,0,19,1200,80008
2024-10-31,9558,11890,0,0,341.12,84.05,0,0,15,1200,70387
2024-11-01,12922,24616,0,0,487.64,166.73,0,0,18,1200,76964
2024-11-02,16174,24749,0,0,475.91,167.1,0,0,20,1200,78121
2024-11-03,17424,24679,0,0,466.53,166.85,0,0,8,1200,66332
2024-11-04,13743,24682,0,0,441.51,167.08,0,0,19,1200,71994
2024-11-05,12461,4658,0,0,420.86,30.96,0,0,16,1200,67637
2024-11-06,12502,0,0,0,517.36,0,0,0,22,1200,69711
2024-11-07,16497,0,0,0,474.93,0,0,0,27,1200,74247
2024-11-08,14441,0,0,0,476.8,0,0,0,14,1200,76477
2024-11-09,16738,0,0,0,512.06,0,0,0,21,1200,81989
2024-11-10,18025,0,0,0,460.93,0,0,0,13,1200,76402
2024-11-11,17547,0,0,0,470.73,0,0,0,17,1200,79419
2024-11-12,16145,0,0,0,485.92,0,0,0,18,1200,79217
2024-11-13,17278,0,0,0,424.12,0,0,0,27,1200,78839
2024-11-14,13830,0,0,0,472.74,0,0,0,19,1200,82023
2024-11-15,14706,0,0,0,394.23,0,0,0,14,1200,81973
2024-11-16,17977,0,0,0,534.81,0,0,0,18,1200,86441
2024-11-17,16956,0,0,0,479.43,0,0,0,17,1200,83320
2024-11-18,14221,0,0,0,438.04,0,0,0,18,1200,90993
2024-11-19,13639,0,0,0,430.28,0,0,0,22,1200,86947
2024-11-20,15114,0,0,0,446.16,0,0,0,38,1200,84113
2024-11-21,15397,0,0,0,407.43,0,0,0,15,1200,85747
2024-11-22,13746,0,0,0,335.63,0,0,0,15,1200,87742
2024-11-23,17113,0,0,0,484.38,0,0,0,12,1200,87477
2024-11-24,16762,0,0,0,431.07,0,0,0,14,1200,82315
2024-11-25,14973,0,0,0,388.32,0,0,0,18,1200,83539
2024-11-26,14960,0,0,0,381.4,0,0,0,11,1200,83216
2024-11-27,13537,0,0,0,393.93,0,0,0,9,1200,80939
2024-11-28,10640,0,0,0,347.11,0,0,0,12,1200,68383
2024-11-29,11937,0,0,0,360.77,0,0,0,11,1200,88567
2024-11-30,11024,0,0,0,322.71,0,0,0,14,1200,84553
2024-12-01,10436,0,0,0,413.21,0,0,0,21,1200,81246
2024-12-02,10672,0,0,0,412.75,0,0,0,23,1200,89088
2024-12-03,12413,0,0,0,405.58,0,0,0,23,1200,83736
2024-12-04,14354,0,0,0,402.57,0,0,0,47,1200,91219
2024-12-05,15319,0,0,0,372.63,0,0,0,29,1200,92435
2024-12-06,14795,0,0,0,382.89,0,0,0,23,1200,90036
2024-12-07,18763,0,0,0,389.55,0,0,0,21,1200,90927
2024-12-08,18252,0,0,0,412.3,0,0,0,33,1200,77451
2024-12-09,15031,0,0,0,309.18,0,0,0,29,1200,78244
2024-12-10,20346,0,0,0,287.05,0,0,0,18,1200,75364
2024-12-11,13427,0,0,0,213.97,0,0,0,23,1200,69840
2024-12-12,11530,0,0,0,149.02,0,0,0,25,1200,65327
2024-12-13,8212,0,0,0,136.9,0,0,0,20,1200,66819
2024-12-14,9871,0,0,0,137.91,0,0,0,19,1200,62935
2024-12-15,10429,0,0,0,106.44,0,0,0,12,1200,52669
2024-12-16,8110,0,0,0,169.41,0,0,0,16,1200,60218
2024-12-17,9070,0,0,0,127.71,0,0,0,16,1200,54606
2024-12-18,8136,0,0,0,121.51,0,0,0,28,1200,51077
2024-12-19,8591,0,0,0,114.55,0,0,0,20,1200,49453
2024-12-20,7561,0,0,0,88.41,0,0,0,17,1200,54994
2024-12-21,9178,0,0,0,120.27,0,0,0,14,1200,52187
2024-12-22,10454,0,0,0,88.55,0,0,0,12,1200,48066
2024-12-23,13966,0,0,0,115.34,0,0,0,30,1200,46698
2024-12-24,11009,0,0,0,90.77,0,0,0,7,1200,36147
2024-12-25,9761,0,0,0,92.27,0,0,0,4,1200,35188
2024-12-26,12971,0,0,0,120.41,0,0,0,9,1200,44837
2024-12-27,10168,0,0,0,101.88,0,0,0,17,1200,47593
2024-12-28,11034,0,0,0,115.04,0,0,0,20,1200,47920
2024-12-29,8892,0,0,0,112.91,0,0,0,12,1200,44046
2024-12-30,8058,0,0,0,91.45,0,0,0,22,1200,46309
2024-12-31,5223,0,0,0,57.79,0,0,0,22,1200,39181
2025-01-01,7683,65337,17243,0,100.29,368.78,445.23,0,24,1200,35310
2025-01-02,7110,59804,17523,0,163.58,349.4,448.29,0,31,1200,43305
2025-01-03,15044,74449,17554,0,189.04,432.26,446.66,0,32,1200,43396
2025-01-04,26780,58560,17514,0,531.75,344.91,446.24,0,48,1200,44989
2025-01-05,36517,58856,17540,0,343.92,343.15,446.23,0,22,1200,40733
2025-01-06,31246,58492,17471,0,352.5,343.31,444.92,0,28,1200,41124
2025-01-07,33296,58923,17570,0,323.44,345.07,448.04,0,20,1200,46340
2025-01-08,27708,59043,17531,0,310.64,345.44,445.06,0,33,1200,42695
2025-01-09,33388,59345,17533,0,427.69,348.74,447.57,0,36,1200,39383
2025-01-10,33507,58961,18110,0,257.73,347.09,461.54,0,34,1200,50656
2025-01-11,69264,58664,17512,0,1026.67,343.19,446.53,0,38,1200,51870
2025-01-12,58107,58442,17455,0,661.53,343.35,446.24,0,39,1200,56292
2025-01-13,54767,59066,17560,0,590.94,343.78,448.11,0,41,1200,56197
2025-01-14,49823,58921,17661,0,663.28,344.6,449.92,0,43,1200,57574
2025-01-15,55308,59738,17446,0,788.74,351.3,444.82,0,38,1200,48994
2025-01-16,55916,59005,15509,0,814.59,345.16,444.92,0,36,1200,48380
2025-01-17,50338,58734,15913,0,808.81,345.14,446.06,0,40,1200,58384
2025-01-18,47946,58342,15829,0,795.81,343.72,445.18,0,37,1200,61659
2025-01-19,38594,58720,16043,0,664.91,343.02,449,0,39,1200,59843
2025-01-20,41361,59393,16132,0,689.02,348.68,452.19,0,36,1200,61089
2025-01-21,30911,59147,15979,0,599.76,347.65,447.22,0,40,1200,64728
2025-01-22,27789,58723,15973,0,455.95,345.43,447.91,0,32,1200,65477
2025-01-23,33832,58911,15920,0,558.6,347.8,446.3,0,37,1200,62745
2025-01-24,36701,58925,15976,0,687.9,346.3,448.06,0,53,1200,60843
2025-01-25,45258,60007,16192,0,641.8,353,453.47,0,47,1200,71549
2025-01-26,43502,58956,15808,0,573.14,347.89,444.38,0,35,1200,63144
2025-01-27,33747,58201,15951,0,533.53,342.47,446.3,0,39,1200,61748
2025-01-28,31749,58512,15980,0,499.73,344.92,447.32,0,37,1200,61323
2025-01-29,36451,58221,15960,0,565.36,343.31,446.94,0,31,1200,61560
2025-01-30,35707,58861,16041,0,494.37,346,449.34,0,51,1200,56570
2025-01-31,37309,59206,15842,0,538.31,348.59,444.43,0,50,1200,63620
2025-02-01,49897,58385,15849,0,683.84,343.77,444.45,0,58,1200,74359
2025-02-02,44510,59710,15851,0,633.59,351.47,443.69,0,48,1200,75246
2025-02-03,32480,58911,15918,0,573.53,346.85,445.56,0,42,1200,69785
2025-02-04,33178,58288,15852,0,714.28,343.86,444.01,0,39,1200,65567
2025-02-05,33273,58896,16090,0,575.39,347.11,450.95,0,47,1200,64345
2025-02-06,23167,58196,15813,0,516.13,342.75,443.35,0,37,1200,62596
2025-02-07,22381,58575,15793,0,462.16,344.74,445.83,0,32,1200,69693
2025-02-08,29190,58163,15644,0,510.45,342.66,448.44,0,50,1200,74281
2025-02-09,27356,58221,15720,0,459.17,343.41,450.96,0,36,1200,68828
2025-02-10,27560,58976,15472,0,505.28,347.62,443.79,0,43,1200,70129
2025-02-11,28087,58104,15987,0,477.89,342.32,449.04,0,47,1200,70447
2025-02-12,26928,58813,15771,0,533.68,346.1,444.38,0,53,1200,65425
2025-02-13,30659,58066,16139,0,555.85,341.94,449.19,0,43,1200,60909
2025-02-14,28098,58149,15900,0,550.02,342.5,445.28,0,41,1200,71062
2025-02-15,34119,58256,15802,0,587.1,343,442.98,0,41,1200,68252
2025-02-16,28211,58096,15777,0,517.43,342.61,443.72,0,40,1200,76731
2025-02-17,24580,57887,15921,0,422.51,341.97,445.78,0,35,1200,75903
2025-02-18,28123,58142,15875,0,517.16,342.11,444.44,0,43,1200,73762
2025-02-19,30037,59593,15815,0,497.07,351.29,443.23,0,39,1200,78322
2025-02-20,31626,57984,15754,0,515.2,341.38,442.11,0,40,1200,79845
2025-02-21,25435,58229,16091,0,530.07,342.82,443.79,0,53,1200,74790
2025-02-22,33612,58367,16003,0,472.75,343.82,443.15,0,50,1200,86465
2025-02-23,34378,58154,16329,0,509.73,342.34,450.44,0,40,1200,82079
2025-02-24,26151,58348,16159,0,437.58,343.2,445.32,0,64,1200,78248
2025-02-25,28873,57638,16148,0,522.34,338.91,443.12,0,47,1200,76722
2025-02-26,24156,53021,15960,0,400.62,312.56,441.4,0,75,1200,71878
2025-02-27,21319,58076,16082,0,369.16,342.54,442.37,0,55,1200,72320
2025-02-28,10610,58213,16069,0,271.34,342.38,443.56,0,52,1200,82581
2025-03-01,16280,58091,16061,0,333.37,342.63,442.29,0,57,1200,92444
2025-03-02,17416,58173,16316,0,328.77,342.77,447.2,0,52,1200,92592
2025-03-03,15425,57950,16047,0,318.67,341.76,441.59,0,56,1200,80690
2025-03-04,13579,58148,16239,0,255.82,342.58,444.36,0,54,1200,81025
2025-03-05,13516,58318,15919,0,281.04,344.44,440.74,0,64,1200,74834
2025-03-06,15358,58007,16008,0,373.79,341.91,441.86,0,64,1200,76057
2025-03-07,15129,58516,16272,0,300.99,344.49,447.24,0,57,1200,83196
2025-03-08,22424,58204,15923,0,391.67,343.1,442.8,0,65,1200,96290
2025-03-09,19957,57928,16017,0,339.11,341.56,443.72,0,69,1200,87022
2025-03-10,17637,58031,16234,0,339.54,342.57,447.17,0,74,1200,88929
2025-03-11,15414,58013,16376,0,261.95,342.98,451.02,0,74,1200,85138
2025-03-12,43104,57831,15779,0,459.8,340.73,439.04,0,60,1200,81061
2025-03-13,47894,57780,15863,0,601.91,339.93,440.91,0,66,1200,82332
2025-03-14,40414,58146,15980,0,586.88,342.58,441,0,57,1200,92224
2025-03-15,44826,58135,15822,0,647.98,342.58,439.46,0,80,1200,99281
2025-03-16,45331,58017,15826,0,556.72,341.4,439.37,0,61,1200,88107
2025-03-17,47696,57916,15978,0,602.52,341.12,440.36,0,53,1200,98011
2025-03-18,40566,58365,15638,0,570.15,343.21,438.47,0,58,1200,88481
2025-03-19,41427,57960,15822,0,646.03,341.64,440.22,0,66,1200,88668
2025-03-20,38193,57742,15656,0,603.11,340.45,439.02,0,73,1200,89332
2025-03-21,40956,58023,15676,0,563.34,340.93,439,0,75,1200,99318
2025-03-22,45395,57812,15657,0,470.91,341.36,439.44,0,81,1200,103515
2025-03-23,47915,57909,15705,0,710.57,340.98,441.43,0,51,1200,97457
2025-03-24,41222,58119,15702,0,575.11,342.35,440.13,0,60,1200,97784
2025-03-25,44438,57615,15686,0,599.53,339.74,440.16,0,66,1200,103824
2025-03-26,45372,58085,15732,0,558.05,342.81,441.53,0,82,1200,99947
2025-03-27,42314,57772,15596,0,544.5,339.75,438,0,62,1200,97643
2025-03-28,63286,56562,15504,0,551.39,332.83,434.69,0,71,1200,105154
2025-03-29,56031,57984,15559,0,488.61,341.61,438.17,0,70,1200,110424
2025-03-30,61662,58298,15426,0,506.31,343.96,433.44,0,63,1200,106773
2025-03-31,44368,53936,15266,0,543.72,318.32,428.53,0,75,1200,114786
2025-04-01,52118,65847,12016,0,574.41,388.63,336.46,0,65,1200,120289
2025-04-02,42029,85531,11984,0,642.9,504.18,334.54,0,89,1200,112983
2025-04-03,63966,86853,11959,0,562.11,504.59,335.7,0,60,1200,100552
2025-04-04,84783,270792,12114,386,787.04,503.61,335.84,5.28,64,1200,105790
2025-04-05,61029,238171,12115,1089,664.36,496.6,339.52,10.7,86,1200,117526
2025-04-06,64588,251113,11948,1497,857.52,504.37,334.7,13.45,61,1200,106640
2025-04-07,55999,286931,11907,1330,777.45,504.43,333.5,13.1,97,1200,118939
2025-04-08,52431,309684,11931,1221,714.31,503.76,334.67,11.67,94,1200,107355
2025-04-09,48291,256854,11978,1194,815.08,501.55,335.39,11.83,96,1200,101791
2025-04-10,59167,273108,11906,1168,732.32,491.79,334.34,12.1,74,1200,102759
2025-04-11,70646,283848,11900,617,851.76,485.56,334.26,5.74,80,1200,102899
2025-04-12,57541,321240,12178,0,697.92,493.48,341.2,0,65,1200,115021
2025-04-13,62578,238479,11904,4781,614.96,506.79,334.12,86.17,64,1200,105036
2025-04-14,55198,293029,11887,1533,671.41,506.82,333.08,34.07,67,1200,111957
2025-04-15,48819,290305,11958,4152,490.42,502.56,335.41,107.42,68,1200,106870
2025-04-16,48848,244158,12030,6570,592.82,487.61,336.61,185.53,66,1200,98978
2025-04-17,53429,256852,11883,7747,594.59,509.71,334.02,150.09,51,1200,100985
2025-04-18,63708,206775,11870,8917,1048.88,493.88,331.96,139.47,64,1200,117776
2025-04-19,67397,206558,11824,2245,1160.91,509.43,331.91,42.68,88,1200,123117
2025-04-20,59715,201247,12447,4347,1057.39,508.93,349.29,104.72,30,1200,101975
2025-04-21,60223,224242,11773,5493,1133.14,508.67,330.72,118.06,80,1200,121808
2025-04-22,46834,207876,11754,8851,917.81,509.51,329.99,133.01,75,1200,124712
2025-04-23,52629,219640,11743,6776,1024.03,509.68,329.24,98.37,70,1200,128017
2025-04-24,47306,211145,13490,5337,668.74,510.62,331.66,80.02,63,1200,129626
2025-04-25,61069,212561,13372,7804,1045.7,508.35,329.7,113.95,62,1200,119973
2025-04-26,60622,205005,13713,6306,886.57,511.8,327.66,95.04,54,1200,131440
2025-04-27,51984,215016,13502,8475,688.29,509.82,326.85,116.16,49,1200,120284
2025-04-28,45983,221554,13401,5317,719.79,505.23,328.77,89.12,60,1200,128280
2025-04-29,50271,251361,13186,6254,808.99,505.14,325.05,101.46,49,1200,137648
2025-04-30,39069,222569,13268,5558,561.32,512.82,328.19,103.1,58,1200,119414
2025-05-01,45219,188084,13493,6980,623.71,387.82,331.77,106.67,45,1200,112055
2025-05-02,43565,172134,13278,6096,906.41,371.56,325.46,103.43,76,1200,115649
2025-05-03,57893,153999,13571,5600,792.41,340.42,325.55,93.94,73,1200,122998
2025-05-04,49676,201558,13715,8446,724.69,356.85,323.82,119.52,41,1200,114876
2025-05-05,44922,191848,13715,7299,719.53,356.66,325.28,102.17,41,1200,114350
2025-05-06,38840,159122,13768,5864,650.42,356.78,324.91,87.04,41,1200,106585
2025-05-07,40799,129373,13693,6412,793.54,357.05,324.3,100.36,38,1200,92442
2025-05-08,39264,152888,13379,6579,681.71,343.7,322.49,96.48,44,1200,98305
2025-05-09,38370,169927,13303,5392,676.19,355.65,325.38,98.65,31,1200,103635
2025-05-10,43434,153146,13280,4462,596.47,354.92,324.05,92.13,25,1200,106117
2025-05-11,40508,148672,12900,6498,601.89,356.11,325.2,116.84,27,1200,96292
2025-05-12,37904,174235,13340,6534,734.51,344.4,327.56,103.69,42,1200,100168
2025-05-13,36451,165244,13410,5664,707.59,342.77,329.05,95.47,41,1200,99813
2025-05-14,31071,156847,13098,4204,544.6,356.62,322.77,92.49,35,1200,107464
2025-05-15,32179,155150,13120,3592,547.48,352.49,322.57,86.21,20,1200,86344
2025-05-16,30244,174284,13136,5493,506.95,357.71,326.02,117.66,33,1200,79758
2025-05-17,37815,220700,13142,5227,656.55,347.9,322.49,87.47,53,1200,87236
2025-05-18,34335,189820,13214,6803,589.09,348.67,324.66,116.18,29,1200,80230
2025-05-19,36802,198680,13101,5447,654.83,347.04,322.15,114.08,48,1200,87815
2025-05-20,30142,216970,13128,3933,543.25,345.04,320.9,93.5,39,1200,101453
2025-05-21,28928,161854,13502,4402,502.71,362.03,322.39,95.97,27,1200,78728
2025-05-22,26898,134879,13026,4635,573.54,351.14,317.91,102.3,19,1200,83418
2025-05-23,25812,168674,13634,3181,510.74,362.49,323.1,87.17,28,1200,101590
2025-05-24,27638,193342,13181,2935,527.81,351.22,318.55,87.59,25,1200,87156
2025-05-25,25736,141100,12797,3489,394.24,353.28,324.43,151.75,18,1200,77056
2025-05-26,27719,200457,12935,3438,533.71,360.46,318.07,112.32,26,1200,82859
2025-05-27,29292,185263,12935,3948,677.43,370.58,317.83,87.39,34,1200,91296
2025-05-28,27095,203030,12899,3607,551.11,373.3,316.79,82.06,32,1200,102631
2025-05-29,28355,103100,12927,3716,521.48,267.68,318.1,107.55,21,1200,99630
2025-05-30,25330,60048,12831,2561,472.85,169.55,316.49,74.89,45,1200,95772
2025-05-31,27479,65407,13277,3181,520.74,170.15,313.21,80.55,17,1200,88999
2025-06-01,32393,74632,16753,6124,436.47,230.41,401.82,124.28,29,1200,95054
2025-06-02,22845,104941,16777,3385,456.34,295.95,403.8,63.09,28,1200,107184
2025-06-03,16130,87398,16532,1056,329.3,185.47,403.08,20.98,20,1200,85491
2025-06-04,15593,139265,16624,949,371.4,299.49,401.93,19.35,40,1200,85918
2025-06-05,14934,276724,16527,1031,309.46,283.94,402.19,21.08,27,1200,94480
2025-06-06,13766,153787,16450,853,324.94,297.32,401.53,20.28,33,1200,79693
2025-06-07,17741,159691,16307,635,387.26,298.92,402.47,14.25,15,1200,73952
2025-06-08,17222,152041,16147,879,324.54,302.37,401.01,21.79,24,1200,70642
2025-06-09,18625,153422,16358,1091,511.28,311.44,402.02,21.94,30,1200,77108
2025-06-10,14282,78528,16668,987,341.13,310.41,403.1,24.14,29,1200,76346
2025-06-11,12174,36711,16395,778,265.87,183.49,400.22,14.23,31,1200,70961
2025-06-12,12973,31593,16336,923,370.68,155.02,400.61,19.15,27,1200,81692
2025-06-13,12729,52800,16584,1035,277.5,154.19,398.91,18.45,40,1200,82691
2025-06-14,16686,49726,16686,1094,393.85,160.25,400.03,19.92,48,1200,71064
2025-06-15,15426,38087,16733,1459,260.1,159.95,402.2,25.28,11,1200,85672
2025-06-16,17329,42797,16827,1013,370.74,160.67,400.99,17.89,27,1200,100282
2025-06-17,17536,44918,15943,1021,371.82,160.04,398.57,20.11,24,1200,90774
2025-06-18,20091,41943,16218,1199,383.56,160.19,399.23,25.64,35,1200,90325
2025-06-19,21498,43602,16418,998,331.49,160.71,399.85,16.64,28,1200,85857
2025-06-20,21308,41987,16916,745,359.63,158.89,405.39,14.47,23,1200,73174
2025-06-21,25562,50441,16185,1031,436.24,160.37,398,19.51,40,1200,70004
2025-06-22,30028,49680,16196,1211,566.77,159.68,396.28,25.77,17,1200,65323
2025-06-23,22626,45240,16334,1056,385.41,160.05,402.41,22.31,28,1200,72888
2025-06-24,20255,37999,16508,914,372.66,160.24,400.45,17.8,18,1200,72814